created_at,entry_id,field1,field2,field3,latitude,longitude,elevation,status
2023-09-23T15:34:18+05:30,1,27.90,87.00,"1023

",,,,
2023-09-23T15:34:33+05:30,2,27.90,87.00,"1023

",,,,
2023-09-23T15:34:48+05:30,3,27.90,87.00,"1023

",,,,
2023-09-23T15:35:03+05:30,4,27.90,87.00,"1023

",,,,
2023-09-23T15:35:18+05:30,5,27.90,87.00,"1023

",,,,
2023-09-23T15:36:03+05:30,6,31.10,95.00,"0

",,,,
2023-09-23T15:36:18+05:30,7,29.70,95.00,"1023

",,,,
2023-09-23T15:36:49+05:30,8,29.40,95.00,"1023

",,,,
2023-09-23T15:37:04+05:30,9,29.70,95.00,"1023

",,,,
2023-09-23T15:37:19+05:30,10,30.10,95.00,"1023

",,,,
2023-09-23T15:37:50+05:30,11,30.40,93.00,"1023

",,,,
2023-09-23T15:38:05+05:30,12,30.70,95.00,"1023

",,,,
2023-09-23T15:38:20+05:30,13,30.50,95.00,"1023

",,,,
2023-09-23T15:38:51+05:30,14,30.50,85.00,"0

",,,,
2023-09-23T15:39:06+05:30,15,30.10,86.00,"0

",,,,
2023-09-23T15:39:21+05:30,16,29.90,89.00,"0

",,,,
2023-09-23T15:39:51+05:30,17,29.60,88.00,"1023

",,,,
2023-09-23T15:40:06+05:30,18,29.40,90.00,"0

",,,,
2023-09-23T15:40:21+05:30,19,29.30,94.00,"0

",,,,
2023-09-23T15:40:52+05:30,20,29.50,89.00,"1023

",,,,
2023-09-23T15:41:07+05:30,21,29.30,89.00,"1023

",,,,
2023-09-23T15:41:22+05:30,22,29.10,91.00,"1023

",,,,
2023-09-23T15:41:53+05:30,23,28.80,92.00,"1023

",,,,
2023-09-23T15:42:23+05:30,24,28.50,94.00,"1023

",,,,
2023-09-23T15:43:08+05:30,25,28.30,95.00,"1023

",,,,
2023-09-23T15:43:24+05:30,26,28.30,95.00,"1023

",,,,
2023-09-23T15:43:39+05:30,27,28.20,95.00,"1023

",,,,
2023-09-23T15:44:09+05:30,28,28.10,95.00,"1023

",,,,
2023-09-23T15:44:24+05:30,29,28.10,95.00,"1023

",,,,
2023-09-23T15:45:08+05:30,30,28.00,95.00,"1023

",,,,
2023-09-23T15:45:24+05:30,31,27.90,95.00,"1023

",,,,
2023-09-23T15:45:39+05:30,32,27.90,95.00,"1023

",,,,
2023-09-23T15:45:55+05:30,33,27.90,95.00,"1023

",,,,
2023-09-23T15:46:10+05:30,34,27.90,95.00,"1023

",,,,
2023-09-23T15:46:26+05:30,35,27.90,95.00,"1023

",,,,
2023-09-23T15:46:42+05:30,36,27.90,95.00,"1023

",,,,
2023-09-23T15:46:58+05:30,37,27.90,95.00,"1023

",,,,
2023-09-23T15:47:13+05:30,38,27.90,95.00,"1023

",,,,
2023-09-23T15:47:29+05:30,39,27.90,95.00,"1023

",,,,
2023-09-23T15:47:45+05:30,40,27.90,95.00,"1023

",,,,
2023-09-23T15:48:02+05:30,41,27.90,95.00,"1023

",,,,
2023-09-23T15:48:17+05:30,42,27.90,95.00,"1023

",,,,
2023-09-23T15:48:32+05:30,43,27.90,95.00,"1023

",,,,
2023-09-23T15:48:48+05:30,44,27.80,95.00,"1023

",,,,
2023-09-23T15:49:03+05:30,45,27.80,95.00,"1023

",,,,
2023-09-23T15:49:19+05:30,46,27.80,95.00,"1023

",,,,
2023-09-23T15:49:35+05:30,47,27.80,95.00,"1023

",,,,
2023-09-23T15:49:51+05:30,48,27.70,95.00,"1023

",,,,
2023-09-23T15:50:07+05:30,49,27.80,95.00,"1023

",,,,
2023-09-23T15:50:22+05:30,50,27.90,95.00,"1023

",,,,
2023-09-23T15:50:38+05:30,51,27.90,95.00,"1023

",,,,
2023-09-23T15:50:53+05:30,52,27.90,95.00,"1023

",,,,
2023-09-23T15:53:23+05:30,53,27.70,95.00,"1023

",,,,
2023-09-23T15:53:38+05:30,54,27.80,95.00,"1023

",,,,
2023-09-23T15:53:54+05:30,55,27.90,95.00,"1023

",,,,
2023-09-23T15:54:10+05:30,56,27.90,95.00,"1023

",,,,
2023-09-23T15:54:25+05:30,57,28.00,94.00,"1023

",,,,
2023-09-23T15:54:41+05:30,58,27.90,93.00,"1023

",,,,
2023-09-23T15:55:26+05:30,59,27.90,93.00,"1023

",,,,
2023-09-23T15:55:41+05:30,60,27.90,94.00,"1023

",,,,
2023-09-23T15:55:57+05:30,61,28.00,94.00,"1023

",,,,
2023-09-23T15:56:12+05:30,62,28.10,94.00,"1023

",,,,
2023-09-23T15:56:28+05:30,63,28.10,94.00,"1023

",,,,
2023-09-23T15:56:43+05:30,64,28.00,94.00,"1023

",,,,
2023-09-23T15:56:59+05:30,65,28.00,94.00,"1023

",,,,
2023-09-23T15:57:14+05:30,66,28.10,94.00,"1023

",,,,
2023-09-23T15:57:30+05:30,67,28.30,92.00,"1023

",,,,
2023-09-23T15:57:46+05:30,68,28.40,91.00,"1023

",,,,
2023-09-23T15:58:02+05:30,69,28.50,90.00,"1023

",,,,
2023-09-23T15:58:51+05:30,70,28.50,90.00,"1023

",,,,
2023-09-23T15:59:06+05:30,71,28.60,90.00,"0

",,,,
2023-09-23T15:59:37+05:30,72,28.70,89.00,"0

",,,,
2023-09-23T15:59:53+05:30,73,28.70,89.00,"0

",,,,
2023-09-23T16:00:37+05:30,74,28.90,88.00,"0

",,,,
2023-09-23T16:00:52+05:30,75,28.90,88.00,"0

",,,,
2023-09-23T16:01:07+05:30,76,29.00,89.00,"0

",,,,
2023-09-23T16:01:38+05:30,77,29.10,88.00,"0

",,,,
2023-09-23T16:01:53+05:30,78,29.20,87.00,"0

",,,,
2023-09-23T16:02:08+05:30,79,29.40,86.00,"0

",,,,
2023-09-23T16:02:38+05:30,80,29.90,83.00,"0

",,,,
2023-09-23T16:02:54+05:30,81,30.30,81.00,"0

",,,,
2023-09-23T16:03:09+05:30,82,30.90,79.00,"0

",,,,
2023-09-23T16:03:39+05:30,83,31.90,75.00,"0

",,,,
2023-09-23T16:03:55+05:30,84,32.20,74.00,"0

",,,,
2023-09-23T16:04:10+05:30,85,32.50,72.00,"0

",,,,
2023-09-23T16:05:11+05:30,86,32.60,72.00,"0

",,,,
2023-09-23T16:05:41+05:30,87,32.10,73.00,"0

",,,,
2023-09-23T16:05:56+05:30,88,31.90,74.00,"0

",,,,
2023-09-23T16:06:32+05:30,89,31.80,75.00,"0

",,,,
2023-09-23T16:06:47+05:30,90,31.80,75.00,"0

",,,,
2023-09-23T16:07:02+05:30,91,31.60,75.00,"0

",,,,
2023-09-23T16:08:03+05:30,92,31.40,77.00,"0

",,,,
2023-09-23T16:08:18+05:30,93,31.20,77.00,"0

",,,,
2023-09-23T16:08:48+05:30,94,31.20,77.00,"0

",,,,
2023-09-23T16:09:04+05:30,95,31.10,78.00,"0

",,,,
2023-09-23T16:09:19+05:30,96,30.90,77.00,"0

",,,,
2023-09-23T16:09:34+05:30,97,30.90,77.00,"0

",,,,
2023-09-23T16:10:04+05:30,98,30.70,78.00,"0

",,,,
2023-09-23T16:10:20+05:30,99,30.50,79.00,"0

",,,,
2023-09-23T16:10:35+05:30,100,30.50,79.00,"0

",,,,
2023-09-23T16:10:50+05:30,101,30.50,79.00,"0

",,,,
2023-09-23T16:11:05+05:30,102,30.90,78.00,"0

",,,,
2023-09-23T16:11:35+05:30,103,31.10,78.00,"0

",,,,
2023-09-23T16:11:50+05:30,104,31.20,78.00,"0

",,,,
2023-09-23T16:12:06+05:30,105,31.40,77.00,"0

",,,,
2023-09-23T16:12:21+05:30,106,31.40,77.00,"0

",,,,
2023-09-23T16:12:36+05:30,107,31.50,76.00,"0

",,,,
2023-09-23T16:12:51+05:30,108,31.60,76.00,"0

",,,,
2023-09-23T16:13:06+05:30,109,31.60,76.00,"0

",,,,
2023-09-23T16:13:37+05:30,110,31.60,76.00,"0

",,,,
2023-09-23T16:13:52+05:30,111,31.70,75.00,"0

",,,,
2023-09-23T16:14:07+05:30,112,31.60,76.00,"0

",,,,
2023-09-23T16:14:22+05:30,113,31.50,76.00,"0

",,,,
2023-09-23T16:14:52+05:30,114,31.60,76.00,"0

",,,,
2023-09-23T16:15:08+05:30,115,31.60,76.00,"0

",,,,
2023-09-23T16:15:38+05:30,116,31.40,76.00,"0

",,,,
2023-09-23T16:15:53+05:30,117,31.40,77.00,"0

",,,,
2023-09-23T16:16:09+05:30,118,31.10,77.00,"0

",,,,
2023-09-23T16:16:24+05:30,119,31.00,78.00,"0

",,,,
2023-09-23T16:16:39+05:30,120,30.80,78.00,"0

",,,,
2023-09-23T16:16:54+05:30,121,30.70,79.00,"0

",,,,
2023-09-23T16:17:09+05:30,122,30.60,79.00,"0

",,,,
2023-09-23T16:17:24+05:30,123,30.50,79.00,"0

",,,,
2023-09-23T16:17:39+05:30,124,30.40,79.00,"0

",,,,
2023-09-23T16:17:55+05:30,125,30.40,80.00,"0

",,,,
2023-09-23T16:18:10+05:30,126,30.40,80.00,"0

",,,,
2023-09-23T16:18:25+05:30,127,30.20,80.00,"0

",,,,
2023-09-23T16:18:55+05:30,128,30.00,82.00,"0

",,,,
2023-09-23T16:19:10+05:30,129,29.90,82.00,"0

",,,,
2023-09-23T16:19:26+05:30,130,29.80,82.00,"0

",,,,
2023-09-23T16:19:41+05:30,131,29.70,83.00,"0

",,,,
2023-09-23T16:19:56+05:30,132,29.70,83.00,"0

",,,,
2023-09-23T16:20:11+05:30,133,29.60,84.00,"0

",,,,
2023-09-23T16:20:42+05:30,134,29.50,84.00,"0

",,,,
2023-09-23T16:20:57+05:30,135,29.50,84.00,"0

",,,,
2023-09-23T16:21:12+05:30,136,29.50,84.00,"0

",,,,
2023-09-23T16:21:42+05:30,137,29.50,84.00,"0

",,,,
2023-09-23T16:21:58+05:30,138,29.50,85.00,"0

",,,,
2023-09-23T16:22:13+05:30,139,29.50,85.00,"0

",,,,
2023-09-23T16:22:28+05:30,140,29.40,85.00,"0

",,,,
2023-09-23T16:22:43+05:30,141,29.40,85.00,"0

",,,,
2023-09-23T16:22:58+05:30,142,29.30,85.00,"0

",,,,
2023-09-23T16:23:13+05:30,143,29.30,85.00,"0

",,,,
2023-09-23T16:23:44+05:30,144,29.30,86.00,"0

",,,,
2023-09-23T16:23:59+05:30,145,29.20,86.00,"0

",,,,
2023-09-23T16:24:14+05:30,146,29.20,86.00,"0

",,,,
2023-09-23T16:24:29+05:30,147,29.20,86.00,"0

",,,,
2023-09-23T16:24:44+05:30,148,29.20,86.00,"0

",,,,
2023-09-23T16:24:59+05:30,149,29.20,86.00,"0

",,,,
2023-09-23T16:25:15+05:30,150,29.20,86.00,"0

",,,,
2023-09-23T16:25:45+05:30,151,29.20,87.00,"0

",,,,
2023-09-23T16:26:00+05:30,152,29.20,87.00,"0

",,,,
2023-09-23T16:26:15+05:30,153,29.10,87.00,"0

",,,,
2023-09-23T16:26:30+05:30,154,29.10,87.00,"0

",,,,
2023-09-23T16:26:45+05:30,155,29.10,87.00,"0

",,,,
2023-09-23T16:27:01+05:30,156,29.10,87.00,"0

",,,,
2023-09-23T16:27:16+05:30,157,29.10,87.00,"0

",,,,
2023-09-23T16:28:01+05:30,158,29.10,87.00,"0

",,,,
2023-09-23T16:28:16+05:30,159,29.10,87.00,"0

",,,,
2023-09-23T16:28:32+05:30,160,29.10,87.00,"0

",,,,
2023-09-23T16:28:47+05:30,161,29.10,87.00,"0

",,,,
2023-09-23T16:29:02+05:30,162,29.10,87.00,"0

",,,,
2023-09-23T16:29:17+05:30,163,29.10,87.00,"0

",,,,
2023-09-23T16:29:48+05:30,164,29.00,87.00,"0

",,,,
2023-09-23T16:30:03+05:30,165,29.00,87.00,"0

",,,,
2023-09-23T16:30:18+05:30,166,29.00,87.00,"0

",,,,
2023-09-23T16:30:48+05:30,167,29.00,87.00,"0

",,,,
2023-09-23T16:31:03+05:30,168,29.00,87.00,"0

",,,,
2023-09-23T16:31:18+05:30,169,29.00,87.00,"0

",,,,
2023-09-23T16:31:34+05:30,170,29.00,87.00,"0

",,,,
2023-09-23T16:31:49+05:30,171,29.00,87.00,"0

",,,,
2023-09-23T16:32:04+05:30,172,29.00,87.00,"0

",,,,
2023-09-23T16:32:19+05:30,173,29.00,87.00,"0

",,,,
2023-09-23T16:32:49+05:30,174,29.00,87.00,"0

",,,,
2023-09-23T16:33:04+05:30,175,29.00,87.00,"0

",,,,
2023-09-23T16:33:20+05:30,176,29.00,87.00,"0

",,,,
2023-09-23T16:33:35+05:30,177,29.00,87.00,"0

",,,,
2023-09-23T16:33:50+05:30,178,29.00,87.00,"0

",,,,
2023-09-23T16:34:05+05:30,179,29.00,87.00,"0

",,,,
2023-09-23T16:34:20+05:30,180,29.00,87.00,"0

",,,,
2023-09-23T16:34:35+05:30,181,29.00,88.00,"0

",,,,
2023-09-23T16:35:06+05:30,182,29.00,88.00,"0

",,,,
2023-09-23T16:35:51+05:30,183,29.00,87.00,"0

",,,,
2023-09-23T16:36:06+05:30,184,29.00,87.00,"0

",,,,
2023-09-23T16:36:21+05:30,185,29.00,87.00,"0

",,,,
2023-09-23T16:36:36+05:30,186,29.00,87.00,"0

",,,,
2023-09-23T16:36:52+05:30,187,29.00,87.00,"0

",,,,
2023-09-23T16:37:07+05:30,188,29.00,87.00,"0

",,,,
2023-09-23T16:37:22+05:30,189,29.00,87.00,"0

",,,,
2023-09-23T16:37:52+05:30,190,29.00,87.00,"0

",,,,
2023-09-23T16:38:07+05:30,191,29.00,87.00,"0

",,,,
2023-09-23T16:38:22+05:30,192,29.00,87.00,"0

",,,,
2023-09-23T16:38:38+05:30,193,29.00,87.00,"0

",,,,
2023-09-23T16:38:53+05:30,194,29.00,87.00,"0

",,,,
2023-09-23T16:39:08+05:30,195,29.00,87.00,"0

",,,,
2023-09-23T16:39:23+05:30,196,29.00,87.00,"0

",,,,
2023-09-23T16:39:38+05:30,197,28.90,86.00,"0

",,,,
2023-09-23T16:39:53+05:30,198,29.00,87.00,"0

",,,,
2023-09-23T16:40:09+05:30,199,29.00,87.00,"0

",,,,
2023-09-23T16:40:24+05:30,200,28.90,86.00,"0

",,,,
2023-09-23T16:40:54+05:30,201,28.90,86.00,"0

",,,,
2023-09-23T16:41:09+05:30,202,28.90,87.00,"0

",,,,
2023-09-23T16:41:24+05:30,203,28.90,86.00,"0

",,,,
2023-09-23T16:41:55+05:30,204,28.90,87.00,"0

",,,,
2023-09-23T16:42:10+05:30,205,28.90,87.00,"0

",,,,
2023-09-23T16:42:25+05:30,206,28.90,87.00,"0

",,,,
2023-09-23T16:42:40+05:30,207,28.90,87.00,"0

",,,,
2023-09-23T16:42:55+05:30,208,28.90,87.00,"0

",,,,
2023-09-23T16:43:11+05:30,209,28.90,87.00,"0

",,,,
2023-09-23T16:43:26+05:30,210,28.90,87.00,"0

",,,,
2023-09-23T16:43:42+05:30,211,28.90,87.00,"0

",,,,
2023-09-23T16:44:12+05:30,212,28.90,87.00,"0

",,,,
2023-09-23T16:44:28+05:30,213,28.90,87.00,"0

",,,,
2023-09-23T16:44:58+05:30,214,28.90,87.00,"0

",,,,
2023-09-23T16:45:13+05:30,215,28.90,87.00,"0

",,,,
2023-09-23T16:45:29+05:30,216,28.90,87.00,"0

",,,,
2023-09-23T16:45:44+05:30,217,28.90,87.00,"0

",,,,
2023-09-23T16:45:59+05:30,218,28.90,87.00,"0

",,,,
2023-09-23T16:46:14+05:30,219,28.90,87.00,"0

",,,,
2023-09-23T16:46:30+05:30,220,28.90,87.00,"0

",,,,
2023-09-23T16:47:00+05:30,221,28.90,87.00,"0

",,,,
2023-09-23T16:47:15+05:30,222,28.90,87.00,"0

",,,,
2023-09-23T16:47:31+05:30,223,28.90,87.00,"0

",,,,
2023-09-23T16:48:02+05:30,224,28.90,87.00,"0

",,,,
2023-09-23T16:48:17+05:30,225,28.90,87.00,"0

",,,,
2023-09-23T16:48:32+05:30,226,28.90,87.00,"0

",,,,
2023-09-23T16:48:48+05:30,227,28.90,87.00,"0

",,,,
2023-09-23T16:49:03+05:30,228,28.90,87.00,"0

",,,,
2023-09-23T16:49:33+05:30,229,28.90,87.00,"0

",,,,
2023-09-23T16:49:48+05:30,230,28.90,87.00,"0

",,,,
2023-09-23T16:50:03+05:30,231,28.90,87.00,"0

",,,,
2023-09-23T16:50:34+05:30,232,28.90,87.00,"0

",,,,
2023-09-23T16:51:04+05:30,233,28.90,87.00,"0

",,,,
2023-09-23T16:51:34+05:30,234,28.90,87.00,"0

",,,,
2023-09-23T16:51:49+05:30,235,28.90,87.00,"0

",,,,
2023-09-23T16:52:04+05:30,236,28.90,87.00,"0

",,,,
2023-09-23T16:52:20+05:30,237,28.90,87.00,"0

",,,,
2023-09-23T16:52:35+05:30,238,28.90,87.00,"0

",,,,
2023-09-23T16:52:50+05:30,239,28.90,87.00,"0

",,,,
2023-09-23T16:53:21+05:30,240,28.90,87.00,"0

",,,,
2023-09-23T16:53:37+05:30,241,28.90,87.00,"0

",,,,
2023-09-23T16:53:52+05:30,242,28.90,87.00,"0

",,,,
2023-09-23T16:54:07+05:30,243,28.90,87.00,"0

",,,,
2023-09-23T16:54:22+05:30,244,28.90,87.00,"0

",,,,
2023-09-23T16:54:38+05:30,245,28.90,87.00,"0

",,,,
2023-09-23T16:54:53+05:30,246,28.90,87.00,"0

",,,,
2023-09-23T16:55:23+05:30,247,28.90,87.00,"0

",,,,
2023-09-23T16:55:54+05:30,248,28.90,87.00,"0

",,,,
2023-09-23T16:56:25+05:30,249,28.90,87.00,"0

",,,,
2023-09-23T16:56:40+05:30,250,28.90,87.00,"0

",,,,
2023-09-23T16:56:55+05:30,251,28.70,87.00,"0

",,,,
2023-09-23T16:57:26+05:30,252,28.70,87.00,"0

",,,,
2023-09-23T16:57:42+05:30,253,28.70,88.00,"0

",,,,
2023-09-23T16:57:57+05:30,254,28.70,87.00,"0

",,,,
2023-09-23T16:58:27+05:30,255,28.70,87.00,"0

",,,,
2023-09-23T16:58:42+05:30,256,28.70,87.00,"0

",,,,
2023-09-23T16:58:58+05:30,257,28.70,87.00,"0

",,,,
2023-09-23T16:59:28+05:30,258,28.70,87.00,"0

",,,,
2023-09-23T16:59:43+05:30,259,28.70,88.00,"0

",,,,
2023-09-23T16:59:58+05:30,260,28.70,87.00,"0

",,,,
2023-09-23T17:00:13+05:30,261,28.70,87.00,"0

",,,,
2023-09-23T17:00:44+05:30,262,28.80,87.00,"0

",,,,
2023-09-23T17:00:59+05:30,263,28.90,87.00,"0

",,,,
2023-09-23T17:01:29+05:30,264,28.80,87.00,"0

",,,,
2023-09-23T17:01:45+05:30,265,28.80,87.00,"0

",,,,
2023-09-23T17:02:00+05:30,266,28.90,87.00,"0

",,,,
2023-09-23T17:02:30+05:30,267,28.90,87.00,"0

",,,,
2023-09-23T17:02:46+05:30,268,28.80,87.00,"0

",,,,
2023-09-23T17:03:01+05:30,269,28.80,87.00,"0

",,,,
2023-09-23T17:03:31+05:30,270,28.80,87.00,"0

",,,,
2023-09-23T17:03:47+05:30,271,28.80,87.00,"0

",,,,
2023-09-23T17:04:02+05:30,272,28.90,87.00,"0

",,,,
2023-09-23T17:04:48+05:30,273,28.80,87.00,"0

",,,,
2023-09-23T17:05:03+05:30,274,28.80,87.00,"0

",,,,
2023-09-23T17:05:19+05:30,275,28.80,87.00,"0

",,,,
2023-09-23T17:05:50+05:30,276,28.80,87.00,"0

",,,,
2023-09-23T17:06:05+05:30,277,28.80,87.00,"0

",,,,
2023-09-23T17:06:36+05:30,278,28.80,87.00,"0

",,,,
2023-09-23T17:06:51+05:30,279,28.80,87.00,"0

",,,,
2023-09-23T17:07:06+05:30,280,28.80,87.00,"0

",,,,
2023-09-23T17:07:22+05:30,281,28.80,87.00,"0

",,,,
2023-09-23T17:07:37+05:30,282,28.80,87.00,"0

",,,,
2023-09-23T17:07:52+05:30,283,28.80,87.00,"0

",,,,
2023-09-23T17:08:07+05:30,284,28.80,87.00,"0

",,,,
2023-09-23T17:08:22+05:30,285,28.80,87.00,"0

",,,,
2023-09-23T17:08:37+05:30,286,28.80,87.00,"0

",,,,
2023-09-23T17:08:52+05:30,287,28.80,87.00,"0

",,,,
2023-09-23T17:09:08+05:30,288,28.80,87.00,"0

",,,,
2023-09-23T17:09:23+05:30,289,28.80,87.00,"0

",,,,
2023-09-23T17:09:38+05:30,290,28.80,87.00,"0

",,,,
2023-09-23T17:09:53+05:30,291,28.80,87.00,"0

",,,,
2023-09-23T17:10:09+05:30,292,28.80,87.00,"0

",,,,
2023-09-23T17:10:39+05:30,293,28.80,87.00,"0

",,,,
2023-09-23T17:10:54+05:30,294,28.80,87.00,"0

",,,,
2023-09-23T17:11:09+05:30,295,28.80,87.00,"0

",,,,
2023-09-23T17:11:25+05:30,296,28.90,87.00,"0

",,,,
2023-09-23T17:11:40+05:30,297,28.90,87.00,"0

",,,,
2023-09-23T17:11:55+05:30,298,28.90,87.00,"0

",,,,
2023-09-23T17:12:11+05:30,299,28.90,87.00,"0

",,,,
2023-09-23T17:12:41+05:30,300,28.90,87.00,"0

",,,,
2023-09-23T17:12:56+05:30,301,28.80,87.00,"0

",,,,
2023-09-23T17:13:42+05:30,302,28.80,87.00,"0

",,,,
2023-09-23T17:13:57+05:30,303,28.80,87.00,"0

",,,,
2023-09-23T17:14:13+05:30,304,28.80,87.00,"0

",,,,
2023-09-23T17:14:43+05:30,305,28.80,87.00,"0

",,,,
2023-09-23T17:14:58+05:30,306,28.80,87.00,"0

",,,,
2023-09-23T17:15:14+05:30,307,28.80,87.00,"0

",,,,
2023-09-23T17:15:29+05:30,308,28.80,87.00,"0

",,,,
2023-09-23T17:15:44+05:30,309,28.80,87.00,"0

",,,,
2023-09-23T17:15:59+05:30,310,28.90,87.00,"0

",,,,
2023-09-23T17:16:15+05:30,311,28.90,87.00,"0

",,,,
2023-09-23T17:17:00+05:30,312,28.80,87.00,"0

",,,,
2023-09-23T17:17:15+05:30,313,28.80,87.00,"0

",,,,
2023-09-23T17:17:31+05:30,314,28.80,87.00,"0

",,,,
2023-09-23T17:17:46+05:30,315,28.80,87.00,"0

",,,,
2023-09-23T17:18:32+05:30,316,28.80,87.00,"0

",,,,
2023-09-23T17:18:47+05:30,317,28.80,87.00,"0

",,,,
2023-09-23T17:19:02+05:30,318,28.80,87.00,"0

",,,,
2023-09-23T17:19:33+05:30,319,28.80,87.00,"0

",,,,
2023-09-23T17:19:48+05:30,320,28.80,87.00,"0

",,,,
2023-09-23T17:20:03+05:30,321,28.80,87.00,"0

",,,,
2023-09-23T17:20:34+05:30,322,28.80,87.00,"0

",,,,
2023-09-23T17:20:49+05:30,323,28.80,87.00,"0

",,,,
2023-09-23T17:21:04+05:30,324,28.80,88.00,"0

",,,,
2023-09-23T17:21:35+05:30,325,28.80,88.00,"0

",,,,
2023-09-23T17:21:50+05:30,326,28.80,88.00,"0

",,,,
2023-09-23T17:22:05+05:30,327,28.80,87.00,"0

",,,,
2023-09-23T17:22:51+05:30,328,28.80,88.00,"0

",,,,
2023-09-23T17:23:07+05:30,329,28.80,88.00,"0

",,,,
2023-09-23T17:23:37+05:30,330,28.80,88.00,"0

",,,,
2023-09-23T17:23:52+05:30,331,28.90,88.00,"0

",,,,
2023-09-23T17:24:08+05:30,332,28.90,88.00,"0

",,,,
2023-09-23T17:24:53+05:30,333,28.90,88.00,"0

",,,,
2023-09-23T17:25:09+05:30,334,28.80,88.00,"0

",,,,
2023-09-23T17:25:54+05:30,335,28.80,88.00,"1023

",,,,
2023-09-23T17:26:09+05:30,336,28.80,88.00,"1023

",,,,
2023-09-23T17:26:55+05:30,337,28.80,88.00,"1023

",,,,
2023-09-23T17:27:10+05:30,338,28.70,88.00,"1023

",,,,
2023-09-23T17:27:40+05:30,339,28.70,89.00,"1023

",,,,
2023-09-23T17:27:55+05:30,340,28.70,89.00,"1023

",,,,
2023-09-23T17:28:10+05:30,341,28.70,89.00,"1023

",,,,
2023-09-23T17:28:56+05:30,342,28.70,89.00,"1023

",,,,
2023-09-23T17:29:11+05:30,343,28.70,89.00,"1023

",,,,
2023-09-23T17:29:42+05:30,344,28.70,89.00,"1023

",,,,
2023-09-23T17:29:57+05:30,345,28.70,89.00,"1023

",,,,
2023-09-23T17:30:12+05:30,346,28.70,89.00,"1023

",,,,
2023-09-23T17:30:43+05:30,347,28.70,89.00,"1023

",,,,
2023-09-23T17:30:58+05:30,348,28.70,89.00,"1023

",,,,
2023-09-23T17:31:44+05:30,349,28.70,89.00,"1023

",,,,
2023-09-23T17:31:59+05:30,350,28.70,89.00,"1023

",,,,
2023-09-23T17:32:14+05:30,351,28.70,89.00,"1023

",,,,
2023-09-23T17:32:44+05:30,352,28.70,89.00,"1023

",,,,
2023-09-23T17:32:59+05:30,353,28.70,89.00,"1023

",,,,
2023-09-23T17:33:15+05:30,354,28.70,89.00,"1023

",,,,
2023-09-23T17:33:45+05:30,355,28.70,89.00,"1023

",,,,
2023-09-23T17:34:00+05:30,356,28.70,89.00,"1023

",,,,
2023-09-23T17:34:15+05:30,357,28.70,90.00,"1023

",,,,
2023-09-23T17:34:46+05:30,358,28.70,90.00,"1023

",,,,
2023-09-23T17:35:01+05:30,359,28.70,90.00,"1023

",,,,
2023-09-23T17:35:16+05:30,360,28.70,90.00,"1023

",,,,
2023-09-23T17:35:31+05:30,361,28.70,90.00,"1023

",,,,
2023-09-23T17:36:02+05:30,362,28.70,90.00,"1023

",,,,
2023-09-23T17:36:17+05:30,363,28.70,90.00,"1023

",,,,
2023-09-23T17:36:32+05:30,364,28.70,90.00,"1023

",,,,
2023-09-23T17:36:47+05:30,365,28.70,90.00,"1023

",,,,
2023-09-23T17:37:02+05:30,366,28.70,90.00,"1023

",,,,
2023-09-23T17:37:17+05:30,367,28.70,90.00,"1023

",,,,
2023-09-23T17:37:48+05:30,368,28.70,90.00,"1023

",,,,
2023-09-23T17:38:03+05:30,369,28.70,90.00,"1023

",,,,
2023-09-23T17:38:18+05:30,370,28.70,90.00,"1023

",,,,
2023-09-23T17:39:04+05:30,371,28.70,90.00,"1023

",,,,
2023-09-23T17:39:19+05:30,372,28.70,90.00,"1023

",,,,
2023-09-23T17:39:50+05:30,373,28.70,90.00,"1023

",,,,
2023-09-23T17:40:05+05:30,374,28.70,90.00,"1023

",,,,
2023-09-23T17:40:20+05:30,375,28.70,90.00,"1023

",,,,
2023-09-23T17:40:35+05:30,376,28.70,91.00,"1023

",,,,
2023-09-23T17:41:06+05:30,377,28.70,91.00,"1023

",,,,
2023-09-23T17:41:21+05:30,378,28.70,91.00,"1023

",,,,
2023-09-23T17:41:52+05:30,379,28.70,91.00,"1023

",,,,
2023-09-23T17:42:07+05:30,380,28.70,91.00,"1023

",,,,
2023-09-23T17:42:22+05:30,381,28.70,91.00,"1023

",,,,
2023-09-23T17:42:53+05:30,382,28.70,91.00,"1023

",,,,
2023-09-23T17:43:08+05:30,383,28.70,91.00,"1023

",,,,
2023-09-23T17:43:24+05:30,384,28.60,91.00,"1023

",,,,
2023-09-23T17:43:39+05:30,385,28.60,91.00,"1023

",,,,
2023-09-23T17:44:10+05:30,386,28.60,91.00,"1023

",,,,
2023-09-23T17:44:25+05:30,387,28.60,91.00,"1023

",,,,
2023-09-23T17:44:40+05:30,388,28.60,91.00,"1023

",,,,
2023-09-23T17:45:11+05:30,389,28.60,91.00,"1023

",,,,
2023-09-23T17:45:26+05:30,390,28.60,91.00,"1023

",,,,
2023-09-23T17:45:57+05:30,391,28.60,91.00,"1023

",,,,
2023-09-23T17:46:12+05:30,392,28.60,91.00,"1023

",,,,
2023-09-23T17:46:27+05:30,393,28.60,91.00,"1023

",,,,
2023-09-23T17:46:57+05:30,394,28.50,91.00,"1023

",,,,
2023-09-23T17:47:13+05:30,395,28.50,91.00,"1023

",,,,
2023-09-23T17:47:28+05:30,396,28.50,91.00,"1023

",,,,
2023-09-23T17:48:14+05:30,397,28.50,91.00,"1023

",,,,
2023-09-23T17:48:29+05:30,398,28.50,91.00,"1023

",,,,
2023-09-23T17:48:44+05:30,399,28.50,91.00,"1023

",,,,
2023-09-23T17:49:00+05:30,400,28.50,91.00,"1023

",,,,
2023-09-23T17:49:15+05:30,401,28.50,91.00,"1023

",,,,
2023-09-23T17:49:30+05:30,402,28.50,91.00,"1023

",,,,
2023-09-23T17:50:17+05:30,403,28.50,91.00,"1023

",,,,
2023-09-23T17:50:32+05:30,404,28.50,91.00,"1023

",,,,
2023-09-23T17:51:03+05:30,405,28.50,91.00,"1023

",,,,
2023-09-23T17:51:18+05:30,406,28.50,91.00,"1023

",,,,
2023-09-23T17:51:33+05:30,407,28.40,91.00,"1023

",,,,
2023-09-23T17:52:04+05:30,408,28.40,91.00,"1023

",,,,
2023-09-23T17:52:19+05:30,409,28.40,91.00,"1023

",,,,
2023-09-23T17:52:34+05:30,410,28.40,91.00,"1023

",,,,
2023-09-23T17:53:04+05:30,411,28.40,91.00,"1023

",,,,
2023-09-23T17:53:20+05:30,412,28.40,91.00,"1023

",,,,
2023-09-23T17:53:35+05:30,413,28.40,91.00,"1023

",,,,
2023-09-23T17:54:05+05:30,414,28.40,91.00,"1023

",,,,
2023-09-23T17:54:20+05:30,415,28.40,91.00,"1023

",,,,
2023-09-23T17:54:35+05:30,416,28.40,91.00,"1023

",,,,
2023-09-23T17:55:05+05:30,417,28.40,91.00,"1023

",,,,
2023-09-23T17:55:20+05:30,418,28.40,91.00,"1023

",,,,
2023-09-23T17:55:35+05:30,419,28.40,91.00,"1023

",,,,
2023-09-23T17:56:06+05:30,420,28.40,91.00,"1023

",,,,
2023-09-23T17:56:21+05:30,421,28.40,91.00,"1023

",,,,
2023-09-23T17:56:36+05:30,422,28.40,91.00,"1023

",,,,
2023-09-23T17:56:51+05:30,423,28.40,91.00,"1023

",,,,
2023-09-23T17:57:06+05:30,424,28.40,91.00,"1023

",,,,
2023-09-23T17:57:22+05:30,425,28.40,91.00,"1023

",,,,
2023-09-23T17:57:37+05:30,426,28.40,91.00,"1023

",,,,
2023-09-23T17:58:08+05:30,427,28.40,91.00,"1023

",,,,
2023-09-23T17:58:23+05:30,428,28.30,91.00,"1023

",,,,
2023-09-23T17:58:38+05:30,429,28.40,91.00,"1023

",,,,
2023-09-23T18:00:10+05:30,430,28.30,91.00,"1023

",,,,
2023-09-23T18:00:25+05:30,431,28.40,91.00,"1023

",,,,
2023-09-23T18:01:26+05:30,432,28.40,91.00,"1023

",,,,
2023-09-23T18:01:41+05:30,433,28.40,91.00,"1023

",,,,
2023-09-23T18:02:11+05:30,434,28.40,91.00,"1023

",,,,
2023-09-23T18:02:26+05:30,435,28.40,91.00,"1023

",,,,
2023-09-23T18:02:41+05:30,436,28.40,91.00,"1023

",,,,
2023-09-23T18:02:57+05:30,437,28.40,91.00,"1023

",,,,
2023-09-23T18:03:12+05:30,438,28.40,91.00,"1023

",,,,
2023-09-23T18:03:27+05:30,439,28.40,91.00,"1023

",,,,
2023-09-23T18:03:42+05:30,440,28.40,91.00,"1023

",,,,
2023-09-23T18:04:12+05:30,441,28.40,91.00,"1023

",,,,
2023-09-23T18:04:28+05:30,442,28.30,91.00,"1023

",,,,
2023-09-23T18:04:43+05:30,443,28.30,91.00,"1023

",,,,
2023-09-23T18:04:58+05:30,444,28.30,91.00,"1023

",,,,
2023-09-23T18:05:14+05:30,445,28.40,91.00,"1023

",,,,
2023-09-23T18:05:29+05:30,446,28.30,91.00,"1023

",,,,
2023-09-23T18:05:44+05:30,447,28.30,91.00,"1023

",,,,
2023-09-23T18:06:14+05:30,448,28.30,91.00,"1023

",,,,
2023-09-23T18:06:29+05:30,449,28.40,91.00,"1023

",,,,
2023-09-23T18:06:44+05:30,450,28.30,91.00,"1023

",,,,
2023-09-23T18:07:15+05:30,451,28.30,91.00,"1023

",,,,
2023-09-23T18:07:30+05:30,452,28.40,91.00,"1023

",,,,
2023-09-23T18:07:46+05:30,453,28.30,91.00,"1023

",,,,
2023-09-23T18:08:31+05:30,454,28.40,91.00,"1023

",,,,
2023-09-23T18:08:47+05:30,455,28.30,91.00,"1023

",,,,
2023-09-23T18:09:48+05:30,456,28.30,92.00,"1023

",,,,
2023-09-23T18:10:19+05:30,457,28.30,92.00,"1023

",,,,
2023-09-23T18:10:34+05:30,458,28.30,92.00,"1023

",,,,
2023-09-23T18:10:49+05:30,459,28.30,92.00,"1023

",,,,
2023-09-23T18:11:20+05:30,460,28.30,92.00,"1023

",,,,
2023-09-23T18:11:36+05:30,461,28.30,92.00,"1023

",,,,
2023-09-23T18:11:51+05:30,462,28.30,92.00,"1023

",,,,
2023-09-23T18:12:06+05:30,463,28.30,92.00,"1023

",,,,
2023-09-23T18:12:21+05:30,464,28.30,92.00,"1023

",,,,
2023-09-23T18:12:36+05:30,465,28.30,92.00,"1023

",,,,
2023-09-23T18:12:52+05:30,466,28.30,92.00,"1023

",,,,
2023-09-23T18:13:22+05:30,467,28.30,92.00,"1023

",,,,
2023-09-23T18:13:37+05:30,468,28.30,92.00,"1023

",,,,
2023-09-23T18:13:52+05:30,469,28.30,92.00,"1023

",,,,
2023-09-23T18:14:23+05:30,470,28.30,92.00,"1023

",,,,
2023-09-23T18:14:38+05:30,471,28.20,92.00,"1023

",,,,
2023-09-23T18:14:54+05:30,472,28.30,92.00,"1023

",,,,
2023-09-23T18:15:24+05:30,473,28.20,92.00,"1023

",,,,
2023-09-23T18:15:39+05:30,474,28.10,93.00,"1023

",,,,
2023-09-23T18:15:54+05:30,475,28.20,93.00,"1023

",,,,
2023-09-23T18:16:25+05:30,476,28.10,93.00,"1023

",,,,
2023-09-23T18:16:40+05:30,477,28.20,93.00,"1023

",,,,
2023-09-23T18:16:55+05:30,478,28.20,93.00,"1023

",,,,
2023-09-23T18:17:26+05:30,479,28.20,93.00,"1023

",,,,
2023-09-23T18:17:41+05:30,480,28.10,93.00,"1023

",,,,
2023-09-23T18:17:56+05:30,481,28.20,93.00,"1023

",,,,
2023-09-23T18:18:27+05:30,482,28.10,93.00,"1023

",,,,
2023-09-23T18:18:42+05:30,483,28.10,93.00,"1023

",,,,
2023-09-23T18:18:57+05:30,484,28.10,93.00,"1023

",,,,
2023-09-23T18:19:28+05:30,485,28.10,93.00,"1023

",,,,
2023-09-23T18:19:43+05:30,486,28.10,93.00,"1023

",,,,
2023-09-23T18:19:58+05:30,487,28.20,93.00,"1023

",,,,
2023-09-23T18:20:14+05:30,488,28.10,93.00,"1023

",,,,
2023-09-23T18:20:29+05:30,489,28.10,93.00,"1023

",,,,
2023-09-23T18:20:59+05:30,490,28.10,93.00,"1023

",,,,
2023-09-23T18:21:30+05:30,491,28.10,93.00,"1023

",,,,
2023-09-23T18:21:45+05:30,492,28.10,93.00,"1023

",,,,
2023-09-23T18:22:16+05:30,493,28.10,93.00,"1023

",,,,
2023-09-23T18:22:32+05:30,494,28.10,93.00,"1023

",,,,
2023-09-23T18:22:47+05:30,495,28.10,93.00,"1023

",,,,
2023-09-23T18:23:02+05:30,496,28.10,93.00,"1023

",,,,
2023-09-23T18:23:18+05:30,497,28.10,93.00,"1023

",,,,
2023-09-23T18:23:48+05:30,498,28.10,93.00,"1023

",,,,
2023-09-23T18:24:03+05:30,499,28.10,94.00,"1023

",,,,
2023-09-23T18:24:34+05:30,500,28.10,94.00,"1023

",,,,
2023-09-23T18:24:49+05:30,501,28.10,94.00,"1023

",,,,
2023-09-23T18:25:05+05:30,502,28.10,93.00,"1023

",,,,
2023-09-23T18:25:20+05:30,503,28.10,94.00,"1023

",,,,
2023-09-23T18:25:50+05:30,504,28.10,94.00,"1023

",,,,
2023-09-23T18:26:06+05:30,505,28.10,94.00,"1023

",,,,
2023-09-23T18:26:36+05:30,506,28.10,94.00,"1023

",,,,
2023-09-23T18:27:11+05:30,507,28.10,94.00,"1023

",,,,
2023-09-23T18:27:56+05:30,508,28.10,94.00,"1023

",,,,
2023-09-23T18:28:12+05:30,509,28.10,94.00,"1023

",,,,
2023-09-23T18:28:42+05:30,510,28.10,94.00,"1023

",,,,
2023-09-23T18:28:57+05:30,511,28.10,94.00,"1023

",,,,
2023-09-23T18:29:13+05:30,512,28.10,94.00,"1023

",,,,
2023-09-23T18:29:28+05:30,513,28.10,94.00,"1023

",,,,
2023-09-23T18:29:43+05:30,514,28.10,94.00,"1023

",,,,
2023-09-23T18:29:59+05:30,515,28.10,94.00,"1023

",,,,
2023-09-23T18:30:14+05:30,516,28.10,94.00,"1023

",,,,
2023-09-23T18:30:30+05:30,517,28.10,94.00,"1023

",,,,
2023-09-23T18:30:45+05:30,518,28.10,94.00,"1023

",,,,
2023-09-23T18:31:01+05:30,519,28.10,94.00,"1023

",,,,
2023-09-23T18:31:16+05:30,520,28.10,94.00,"1023

",,,,
2023-09-23T18:32:01+05:30,521,28.10,94.00,"1023

",,,,
2023-09-23T18:32:19+05:30,522,28.10,94.00,"1023

",,,,
2023-09-23T18:32:50+05:30,523,28.10,94.00,"1023

",,,,
2023-09-23T18:33:05+05:30,524,28.10,94.00,"1023

",,,,
2023-09-23T18:33:20+05:30,525,28.10,94.00,"1023

",,,,
2023-09-23T18:33:36+05:30,526,28.10,94.00,"1023

",,,,
2023-09-23T18:34:10+05:30,527,28.10,94.00,"1023

",,,,
2023-09-23T18:34:26+05:30,528,28.10,94.00,"1023

",,,,
2023-09-23T18:34:41+05:30,529,28.10,94.00,"1023

",,,,
2023-09-23T18:34:57+05:30,530,28.10,94.00,"1023

",,,,
2023-09-23T18:35:13+05:30,531,28.10,94.00,"1023

",,,,
2023-09-23T18:35:28+05:30,532,28.10,94.00,"1023

",,,,
2023-09-23T18:35:43+05:30,533,28.10,94.00,"1023

",,,,
2023-09-23T18:35:59+05:30,534,28.10,94.00,"1023

",,,,
2023-09-23T18:36:16+05:30,535,28.10,94.00,"1023

",,,,
2023-09-23T18:37:19+05:30,536,28.00,94.00,"1023

",,,,
2023-09-23T18:38:21+05:30,537,28.00,94.00,"1023

",,,,
2023-09-23T18:38:37+05:30,538,28.00,94.00,"1023

",,,,
2023-09-23T18:38:52+05:30,539,28.00,94.00,"1023

",,,,
2023-09-23T18:39:07+05:30,540,28.00,94.00,"1023

",,,,
2023-09-23T18:39:23+05:30,541,28.00,94.00,"1023

",,,,
2023-09-23T18:39:39+05:30,542,28.00,94.00,"1023

",,,,
2023-09-23T18:39:54+05:30,543,28.00,94.00,"1023

",,,,
2023-09-23T18:40:10+05:30,544,28.00,95.00,"1023

",,,,
2023-09-23T18:40:40+05:30,545,28.00,94.00,"1023

",,,,
2023-09-23T18:40:56+05:30,546,28.00,94.00,"1023

",,,,
2023-09-23T18:41:11+05:30,547,28.00,94.00,"1023

",,,,
2023-09-23T18:41:57+05:30,548,28.00,94.00,"1023

",,,,
2023-09-23T18:42:12+05:30,549,28.00,94.00,"1023

",,,,
2023-09-23T18:42:27+05:30,550,28.00,94.00,"1023

",,,,
2023-09-23T18:42:42+05:30,551,28.00,94.00,"1023

",,,,
2023-09-23T18:42:57+05:30,552,28.00,94.00,"1023

",,,,
2023-09-23T18:43:13+05:30,553,28.00,94.00,"1023

",,,,
2023-09-23T18:43:43+05:30,554,28.00,95.00,"1023

",,,,
2023-09-23T18:43:58+05:30,555,28.00,94.00,"1023

",,,,
2023-09-23T18:44:13+05:30,556,28.00,94.00,"1023

",,,,
2023-09-23T18:44:59+05:30,557,28.00,95.00,"1023

",,,,
2023-09-23T18:45:45+05:30,558,28.00,95.00,"1023

",,,,
2023-09-23T18:46:00+05:30,559,28.00,95.00,"1023

",,,,
2023-09-23T18:46:15+05:30,560,28.00,95.00,"1023

",,,,
2023-09-23T18:46:30+05:30,561,28.00,95.00,"1023

",,,,
2023-09-23T18:47:33+05:30,562,28.00,95.00,"1023

",,,,
2023-09-23T18:47:48+05:30,563,28.00,95.00,"1023

",,,,
2023-09-23T18:49:04+05:30,564,28.00,95.00,"1023

",,,,
2023-09-23T18:49:35+05:30,565,28.00,95.00,"1023

",,,,
2023-09-23T18:50:06+05:30,566,28.00,95.00,"1023

",,,,
2023-09-23T18:50:21+05:30,567,28.00,95.00,"1023

",,,,
2023-09-23T18:50:36+05:30,568,28.00,95.00,"1023

",,,,
2023-09-23T18:50:51+05:30,569,28.00,95.00,"1023

",,,,
2023-09-23T18:51:06+05:30,570,28.00,95.00,"1023

",,,,
2023-09-23T18:51:53+05:30,571,28.00,95.00,"1023

",,,,
2023-09-23T18:52:08+05:30,572,28.00,95.00,"1023

",,,,
2023-09-23T18:52:23+05:30,573,28.00,95.00,"1023

",,,,
2023-09-23T18:53:29+05:30,574,28.00,95.00,"1023

",,,,
2023-09-23T18:53:45+05:30,575,28.00,95.00,"1023

",,,,
2023-09-23T18:54:22+05:30,576,28.00,95.00,"1023

",,,,
2023-09-23T18:55:08+05:30,577,28.00,95.00,"1023

",,,,
2023-09-23T18:55:23+05:30,578,28.00,95.00,"1023

",,,,
2023-09-23T18:56:09+05:30,579,28.00,95.00,"1023

",,,,
2023-09-23T18:56:24+05:30,580,28.00,95.00,"1023

",,,,
2023-09-23T18:56:39+05:30,581,28.00,95.00,"1023

",,,,
2023-09-23T18:57:25+05:30,582,28.00,95.00,"1023

",,,,
2023-09-23T18:57:40+05:30,583,28.00,95.00,"1023

",,,,
2023-09-23T18:57:56+05:30,584,28.00,95.00,"1023

",,,,
2023-09-23T18:58:11+05:30,585,28.00,95.00,"1023

",,,,
2023-09-23T18:58:27+05:30,586,28.00,95.00,"1023

",,,,
2023-09-23T18:58:42+05:30,587,28.00,95.00,"1023

",,,,
2023-09-23T18:58:57+05:30,588,28.00,95.00,"1023

",,,,
2023-09-23T18:59:13+05:30,589,28.00,95.00,"1023

",,,,
2023-09-23T18:59:44+05:30,590,28.00,95.00,"1023

",,,,
2023-09-23T18:59:59+05:30,591,28.00,95.00,"1023

",,,,
2023-09-23T19:00:14+05:30,592,28.00,95.00,"1023

",,,,
2023-09-23T19:00:29+05:30,593,28.00,95.00,"1023

",,,,
2023-09-23T19:00:45+05:30,594,28.00,95.00,"1023

",,,,
2023-09-23T19:01:00+05:30,595,28.00,95.00,"1023

",,,,
2023-09-23T19:01:16+05:30,596,28.00,95.00,"1023

",,,,
2023-09-23T19:01:31+05:30,597,28.00,95.00,"1023

",,,,
2023-09-23T19:01:46+05:30,598,28.00,95.00,"1023

",,,,
2023-09-23T19:02:51+05:30,599,28.00,95.00,"1023

",,,,
2023-09-23T19:03:21+05:30,600,28.00,95.00,"1023

",,,,
2023-09-23T19:03:36+05:30,601,28.00,95.00,"1023

",,,,
2023-09-23T19:03:51+05:30,602,28.00,95.00,"1023

",,,,
2023-09-23T19:04:22+05:30,603,28.00,95.00,"1023

",,,,
2023-09-23T19:04:37+05:30,604,28.00,95.00,"1023

",,,,
2023-09-23T19:04:52+05:30,605,28.00,95.00,"1023

",,,,
2023-09-23T19:05:38+05:30,606,28.00,95.00,"1023

",,,,
2023-09-23T19:05:53+05:30,607,28.00,95.00,"1023

",,,,
2023-09-23T19:06:23+05:30,608,28.00,95.00,"1023

",,,,
2023-09-23T19:06:54+05:30,609,28.00,95.00,"1023

",,,,
2023-09-23T19:07:25+05:30,610,28.00,95.00,"1023

",,,,
2023-09-23T19:07:40+05:30,611,28.00,95.00,"1023

",,,,
2023-09-23T19:07:55+05:30,612,28.00,95.00,"1023

",,,,
2023-09-23T19:08:11+05:30,613,28.00,95.00,"1023

",,,,
2023-09-23T19:08:42+05:30,614,28.00,95.00,"1023

",,,,
2023-09-23T19:08:57+05:30,615,28.00,95.00,"1023

",,,,
2023-09-23T19:09:28+05:30,616,28.00,95.00,"1023

",,,,
2023-09-23T19:09:43+05:30,617,28.00,95.00,"1023

",,,,
2023-09-23T19:09:58+05:30,618,28.00,95.00,"1023

",,,,
2023-09-23T19:10:29+05:30,619,28.00,95.00,"1023

",,,,
2023-09-23T19:10:44+05:30,620,28.00,95.00,"1023

",,,,
2023-09-23T19:10:59+05:30,621,28.00,95.00,"1023

",,,,
2023-09-23T19:11:15+05:30,622,28.00,95.00,"1023

",,,,
2023-09-23T19:11:31+05:30,623,28.00,95.00,"1023

",,,,
2023-09-23T19:11:46+05:30,624,28.00,95.00,"1023

",,,,
2023-09-23T19:12:02+05:30,625,28.00,95.00,"1023

",,,,
2023-09-23T19:12:32+05:30,626,28.00,95.00,"1023

",,,,
2023-09-23T19:12:51+05:30,627,28.00,95.00,"1023

",,,,
2023-09-23T19:13:06+05:30,628,28.00,95.00,"1023

",,,,
2023-09-23T19:13:52+05:30,629,28.00,95.00,"1023

",,,,
2023-09-23T19:14:08+05:30,630,28.00,95.00,"1023

",,,,
2023-09-23T19:14:23+05:30,631,28.00,95.00,"1023

",,,,
2023-09-23T19:14:54+05:30,632,28.00,95.00,"1023

",,,,
2023-09-23T19:15:10+05:30,633,28.00,95.00,"1023

",,,,
2023-09-23T19:15:55+05:30,634,28.00,95.00,"1023

",,,,
2023-09-23T19:16:10+05:30,635,28.00,95.00,"1023

",,,,
2023-09-23T19:16:41+05:30,636,28.00,95.00,"1023

",,,,
2023-09-23T19:17:12+05:30,637,28.00,95.00,"1023

",,,,
2023-09-23T19:17:44+05:30,638,28.00,95.00,"1023

",,,,
2023-09-23T19:18:00+05:30,639,28.00,95.00,"1023

",,,,
2023-09-23T19:18:15+05:30,640,28.00,95.00,"1023

",,,,
2023-09-23T19:18:31+05:30,641,28.00,95.00,"1023

",,,,
2023-09-23T19:18:46+05:30,642,28.00,95.00,"1023

",,,,
2023-09-23T19:19:32+05:30,643,28.00,95.00,"1023

",,,,
2023-09-23T19:19:47+05:30,644,28.00,95.00,"1023

",,,,
2023-09-23T19:20:02+05:30,645,28.00,95.00,"1023

",,,,
2023-09-23T19:20:48+05:30,646,28.00,95.00,"1023

",,,,
2023-09-23T19:21:03+05:30,647,27.90,95.00,"1023

",,,,
2023-09-23T19:21:49+05:30,648,28.00,95.00,"1023

",,,,
2023-09-23T19:22:04+05:30,649,28.00,95.00,"1023

",,,,
2023-09-23T19:22:19+05:30,650,28.00,95.00,"1023

",,,,
2023-09-23T19:22:35+05:30,651,28.00,95.00,"1023

",,,,
2023-09-23T19:22:51+05:30,652,28.00,95.00,"1023

",,,,
2023-09-23T19:23:06+05:30,653,28.00,95.00,"1023

",,,,
2023-09-23T19:23:36+05:30,654,28.00,95.00,"1023

",,,,
2023-09-23T19:23:51+05:30,655,28.00,95.00,"1023

",,,,
2023-09-23T19:24:07+05:30,656,28.00,95.00,"1023

",,,,
2023-09-23T19:24:37+05:30,657,28.00,95.00,"1023

",,,,
2023-09-23T19:24:52+05:30,658,28.00,95.00,"1023

",,,,
2023-09-23T19:25:08+05:30,659,28.00,95.00,"1023

",,,,
2023-09-23T19:25:38+05:30,660,28.00,95.00,"1023

",,,,
2023-09-23T19:25:53+05:30,661,28.00,95.00,"1023

",,,,
2023-09-23T19:26:08+05:30,662,28.00,95.00,"1023

",,,,
2023-09-23T19:26:24+05:30,663,28.00,95.00,"1023

",,,,
2023-09-23T19:26:39+05:30,664,28.00,95.00,"1023

",,,,
2023-09-23T19:26:54+05:30,665,28.00,95.00,"1023

",,,,
2023-09-23T19:27:09+05:30,666,28.00,95.00,"1023

",,,,
2023-09-23T19:27:39+05:30,667,28.00,95.00,"0

",,,,
2023-09-23T19:27:54+05:30,668,28.00,95.00,"0

",,,,
2023-09-23T19:28:09+05:30,669,28.00,95.00,"0

",,,,
2023-09-23T19:28:40+05:30,670,28.00,95.00,"0

",,,,
2023-09-23T19:28:55+05:30,671,28.00,95.00,"0

",,,,
2023-09-23T19:29:42+05:30,672,28.00,95.00,"0

",,,,
2023-09-23T19:29:57+05:30,673,28.00,95.00,"0

",,,,
2023-09-23T19:30:12+05:30,674,28.00,95.00,"0

",,,,
2023-09-23T19:31:13+05:30,675,28.00,95.00,"0

",,,,
2023-09-23T19:31:43+05:30,676,28.00,95.00,"0

",,,,
2023-09-23T19:31:58+05:30,677,27.90,95.00,"0

",,,,
2023-09-23T19:32:14+05:30,678,28.00,95.00,"0

",,,,
2023-09-23T19:32:59+05:30,679,27.90,95.00,"0

",,,,
2023-09-23T19:33:30+05:30,680,27.90,95.00,"0

",,,,
2023-09-23T19:33:45+05:30,681,27.90,95.00,"0

",,,,
2023-09-23T19:34:00+05:30,682,27.90,95.00,"0

",,,,
2023-09-23T19:34:45+05:30,683,27.90,95.00,"0

",,,,
2023-09-23T19:35:16+05:30,684,27.90,95.00,"0

",,,,
2023-09-23T19:35:31+05:30,685,27.90,95.00,"0

",,,,
2023-09-23T19:35:46+05:30,686,27.90,95.00,"0

",,,,
2023-09-23T19:36:02+05:30,687,27.90,95.00,"0

",,,,
2023-09-23T19:36:48+05:30,688,27.90,95.00,"0

",,,,
2023-09-23T19:37:03+05:30,689,27.90,95.00,"0

",,,,
2023-09-23T19:37:34+05:30,690,27.90,95.00,"0

",,,,
2023-09-23T19:37:49+05:30,691,27.90,94.00,"0

",,,,
2023-09-23T19:38:04+05:30,692,27.90,95.00,"0

",,,,
2023-09-23T19:38:35+05:30,693,27.80,94.00,"0

",,,,
2023-09-23T19:38:50+05:30,694,27.80,94.00,"0

",,,,
2023-09-23T19:39:05+05:30,695,27.80,94.00,"0

",,,,
2023-09-23T19:39:35+05:30,696,27.70,94.00,"0

",,,,
2023-09-23T19:39:50+05:30,697,27.70,95.00,"0

",,,,
2023-09-23T19:40:06+05:30,698,27.80,95.00,"0

",,,,
2023-09-23T19:40:36+05:30,699,27.80,95.00,"0

",,,,
2023-09-23T19:40:51+05:30,700,27.80,95.00,"0

",,,,
2023-09-23T19:41:06+05:30,701,27.80,94.00,"0

",,,,
2023-09-23T19:41:36+05:30,702,27.80,94.00,"0

",,,,
2023-09-23T19:41:51+05:30,703,27.80,94.00,"0

",,,,
2023-09-23T19:42:07+05:30,704,27.80,94.00,"0

",,,,
2023-09-23T19:43:07+05:30,705,27.70,95.00,"0

",,,,
2023-09-23T19:43:38+05:30,706,27.70,94.00,"0

",,,,
2023-09-23T19:44:08+05:30,707,27.70,95.00,"0

",,,,
2023-09-23T19:44:38+05:30,708,27.70,94.00,"0

",,,,
2023-09-23T19:44:53+05:30,709,27.70,94.00,"0

",,,,
2023-09-23T19:45:08+05:30,710,27.70,94.00,"0

",,,,
2023-09-23T19:45:39+05:30,711,27.70,94.00,"0

",,,,
2023-09-23T19:45:54+05:30,712,27.70,94.00,"0

",,,,
2023-09-23T19:46:40+05:30,713,27.70,94.00,"0

",,,,
2023-09-23T19:46:55+05:30,714,27.70,94.00,"0

",,,,
2023-09-23T19:47:10+05:30,715,27.70,94.00,"0

",,,,
2023-09-23T19:47:41+05:30,716,27.70,93.00,"0

",,,,
2023-09-23T19:47:56+05:30,717,27.70,94.00,"0

",,,,
2023-09-23T19:48:11+05:30,718,27.70,94.00,"0

",,,,
2023-09-23T19:48:57+05:30,719,27.70,93.00,"0

",,,,
2023-09-23T19:49:12+05:30,720,27.70,93.00,"0

",,,,
2023-09-23T19:49:42+05:30,721,27.70,93.00,"0

",,,,
2023-09-23T19:49:57+05:30,722,27.70,93.00,"0

",,,,
2023-09-23T19:50:27+05:30,723,27.60,93.00,"0

",,,,
2023-09-23T19:50:58+05:30,724,27.70,93.00,"0

",,,,
2023-09-23T19:51:28+05:30,725,27.60,94.00,"0

",,,,
2023-09-23T19:51:43+05:30,726,27.60,94.00,"0

",,,,
2023-09-23T19:51:58+05:30,727,27.60,94.00,"0

",,,,
2023-09-23T19:52:28+05:30,728,27.60,94.00,"0

",,,,
2023-09-23T19:52:44+05:30,729,27.60,94.00,"0

",,,,
2023-09-23T19:52:59+05:30,730,27.60,94.00,"1023

",,,,
2023-09-23T19:53:29+05:30,731,27.70,94.00,"1023

",,,,
2023-09-23T19:53:44+05:30,732,27.70,93.00,"1023

",,,,
2023-09-23T19:53:59+05:30,733,27.70,93.00,"1023

",,,,
2023-09-23T19:54:30+05:30,734,27.70,93.00,"1023

",,,,
2023-09-23T19:54:45+05:30,735,27.70,93.00,"1023

",,,,
2023-09-23T19:55:00+05:30,736,27.60,93.00,"1023

",,,,
2023-09-23T19:55:31+05:30,737,27.60,93.00,"1023

",,,,
2023-09-23T19:55:46+05:30,738,27.60,93.00,"1023

",,,,
2023-09-23T19:56:01+05:30,739,27.70,93.00,"1023

",,,,
2023-09-23T19:56:31+05:30,740,27.60,93.00,"1023

",,,,
2023-09-23T19:56:46+05:30,741,27.60,93.00,"1023

",,,,
2023-09-23T19:57:32+05:30,742,27.70,93.00,"1023

",,,,
2023-09-23T19:57:47+05:30,743,27.70,93.00,"1023

",,,,
2023-09-23T19:58:02+05:30,744,27.60,93.00,"1023

",,,,
2023-09-23T19:59:18+05:30,745,27.70,93.00,"1023

",,,,
2023-09-23T19:59:33+05:30,746,27.60,93.00,"1023

",,,,
2023-09-23T19:59:49+05:30,747,27.60,93.00,"1023

",,,,
2023-09-23T20:01:19+05:30,748,27.60,93.00,"1023

",,,,
2023-09-23T20:01:34+05:30,749,27.60,93.00,"1023

",,,,
2023-09-23T20:02:35+05:30,750,27.60,93.00,"1023

",,,,
2023-09-23T20:02:50+05:30,751,27.60,93.00,"1023

",,,,
2023-09-23T20:03:21+05:30,752,27.60,93.00,"1023

",,,,
2023-09-23T20:03:36+05:30,753,27.60,93.00,"1023

",,,,
2023-09-23T20:03:51+05:30,754,27.60,93.00,"1023

",,,,
2023-09-23T20:04:21+05:30,755,27.60,93.00,"1023

",,,,
2023-09-23T20:04:36+05:30,756,27.60,93.00,"1023

",,,,
2023-09-23T20:04:51+05:30,757,27.60,93.00,"1023

",,,,
2023-09-23T20:05:22+05:30,758,27.60,93.00,"1023

",,,,
2023-09-23T20:05:52+05:30,759,27.60,93.00,"1023

",,,,
2023-09-23T20:06:38+05:30,760,27.60,93.00,"0

",,,,
2023-09-23T20:06:53+05:30,761,27.60,93.00,"0

",,,,
2023-09-23T20:07:24+05:30,762,27.60,93.00,"0

",,,,
2023-09-23T20:07:39+05:30,763,27.60,93.00,"0

",,,,
2023-09-23T20:07:54+05:30,764,27.60,93.00,"0

",,,,
2023-09-23T20:08:24+05:30,765,27.60,93.00,"0

",,,,
2023-09-23T20:08:40+05:30,766,27.60,93.00,"0

",,,,
2023-09-23T20:08:55+05:30,767,27.60,93.00,"0

",,,,
2023-09-23T20:09:25+05:30,768,27.60,93.00,"0

",,,,
2023-09-23T20:09:41+05:30,769,27.60,93.00,"0

",,,,
2023-09-23T20:09:56+05:30,770,27.60,93.00,"0

",,,,
2023-09-23T20:10:26+05:30,771,27.60,93.00,"0

",,,,
2023-09-23T20:10:42+05:30,772,27.60,93.00,"0

",,,,
2023-09-23T20:10:57+05:30,773,27.60,93.00,"0

",,,,
2023-09-23T20:11:27+05:30,774,27.60,93.00,"0

",,,,
2023-09-23T20:11:43+05:30,775,27.60,93.00,"0

",,,,
2023-09-23T20:11:58+05:30,776,27.60,93.00,"0

",,,,
2023-09-23T20:12:28+05:30,777,27.60,93.00,"0

",,,,
2023-09-23T20:12:44+05:30,778,27.60,93.00,"0

",,,,
2023-09-23T20:12:59+05:30,779,27.60,93.00,"0

",,,,
2023-09-23T20:13:29+05:30,780,27.60,94.00,"0

",,,,
2023-09-23T20:13:44+05:30,781,27.60,94.00,"0

",,,,
2023-09-23T20:13:59+05:30,782,27.60,94.00,"0

",,,,
2023-09-23T20:14:30+05:30,783,27.60,94.00,"0

",,,,
2023-09-23T20:14:45+05:30,784,27.70,94.00,"0

",,,,
2023-09-23T20:15:00+05:30,785,27.60,93.00,"0

",,,,
2023-09-23T20:15:30+05:30,786,27.70,94.00,"0

",,,,
2023-09-23T20:15:46+05:30,787,27.60,94.00,"0

",,,,
2023-09-23T20:16:01+05:30,788,27.70,94.00,"0

",,,,
2023-09-23T20:16:32+05:30,789,27.70,94.00,"0

",,,,
2023-09-23T20:16:47+05:30,790,27.70,94.00,"0

",,,,
2023-09-23T20:17:02+05:30,791,27.70,94.00,"0

",,,,
2023-09-23T20:17:17+05:30,792,27.70,94.00,"0

",,,,
2023-09-23T20:17:48+05:30,793,27.70,94.00,"0

",,,,
2023-09-23T20:18:03+05:30,794,27.70,94.00,"0

",,,,
2023-09-23T20:18:18+05:30,795,27.70,94.00,"0

",,,,
2023-09-23T20:18:34+05:30,796,27.70,94.00,"0

",,,,
2023-09-23T20:18:49+05:30,797,27.70,94.00,"0

",,,,
2023-09-23T20:19:04+05:30,798,27.70,94.00,"0

",,,,
2023-09-23T20:19:19+05:30,799,27.70,94.00,"0

",,,,
2023-09-23T20:19:35+05:30,800,27.70,94.00,"0

",,,,
2023-09-23T20:19:50+05:30,801,27.70,94.00,"0

",,,,
2023-09-23T20:20:05+05:30,802,27.70,94.00,"0

",,,,
2023-09-23T20:20:51+05:30,803,27.70,95.00,"0

",,,,
2023-09-23T20:21:06+05:30,804,27.70,95.00,"0

",,,,
2023-09-23T20:21:36+05:30,805,27.70,94.00,"0

",,,,
2023-09-23T20:21:51+05:30,806,27.70,94.00,"0

",,,,
2023-09-23T20:22:06+05:30,807,27.70,94.00,"0

",,,,
2023-09-23T20:22:37+05:30,808,27.70,94.00,"0

",,,,
2023-09-23T20:22:52+05:30,809,27.80,94.00,"0

",,,,
2023-09-23T20:23:08+05:30,810,27.80,94.00,"0

",,,,
2023-09-23T20:23:53+05:30,811,27.80,94.00,"0

",,,,
2023-09-23T20:24:08+05:30,812,27.80,95.00,"0

",,,,
2023-09-23T20:24:24+05:30,813,27.80,95.00,"0

",,,,
2023-09-23T20:24:39+05:30,814,27.80,95.00,"0

",,,,
2023-09-23T20:24:54+05:30,815,27.70,95.00,"0

",,,,
2023-09-23T20:25:09+05:30,816,27.70,95.00,"0

",,,,
2023-09-23T20:25:25+05:30,817,27.70,94.00,"0

",,,,
2023-09-23T20:25:40+05:30,818,27.70,94.00,"0

",,,,
2023-09-23T20:26:10+05:30,819,27.70,94.00,"0

",,,,
2023-09-23T20:26:26+05:30,820,27.70,94.00,"0

",,,,
2023-09-23T20:26:41+05:30,821,27.70,94.00,"0

",,,,
2023-09-23T20:26:56+05:30,822,27.70,94.00,"0

",,,,
2023-09-23T20:27:11+05:30,823,27.70,94.00,"0

",,,,
2023-09-23T20:27:27+05:30,824,27.70,94.00,"0

",,,,
2023-09-23T20:27:42+05:30,825,27.70,94.00,"0

",,,,
2023-09-23T20:27:57+05:30,826,27.70,94.00,"0

",,,,
2023-09-23T20:28:12+05:30,827,27.70,94.00,"0

",,,,
2023-09-23T20:28:27+05:30,828,27.70,94.00,"0

",,,,
2023-09-23T20:28:43+05:30,829,27.70,94.00,"0

",,,,
2023-09-23T20:28:58+05:30,830,27.70,94.00,"0

",,,,
2023-09-23T20:29:29+05:30,831,27.70,94.00,"0

",,,,
2023-09-23T20:29:44+05:30,832,27.70,94.00,"0

",,,,
2023-09-23T20:30:00+05:30,833,27.70,94.00,"0

",,,,
2023-09-23T20:30:30+05:30,834,27.70,94.00,"0

",,,,
2023-09-23T20:30:45+05:30,835,27.70,94.00,"0

",,,,
2023-09-23T20:31:00+05:30,836,27.70,94.00,"0

",,,,
2023-09-23T20:31:31+05:30,837,27.70,94.00,"0

",,,,
2023-09-23T20:31:46+05:30,838,27.70,94.00,"0

",,,,
2023-09-23T20:32:01+05:30,839,27.70,94.00,"0

",,,,
2023-09-23T20:32:32+05:30,840,27.70,94.00,"0

",,,,
2023-09-23T20:32:47+05:30,841,27.70,94.00,"0

",,,,
2023-09-23T20:33:02+05:30,842,27.70,95.00,"0

",,,,
2023-09-23T20:33:32+05:30,843,27.70,95.00,"0

",,,,
2023-09-23T20:33:47+05:30,844,27.70,95.00,"0

",,,,
2023-09-23T20:34:03+05:30,845,27.70,94.00,"0

",,,,
2023-09-23T20:34:18+05:30,846,27.70,95.00,"0

",,,,
2023-09-23T20:34:33+05:30,847,27.70,94.00,"0

",,,,
2023-09-23T20:34:48+05:30,848,27.70,94.00,"0

",,,,
2023-09-23T20:35:03+05:30,849,27.70,95.00,"0

",,,,
2023-09-23T20:35:34+05:30,850,27.80,95.00,"0

",,,,
2023-09-23T20:35:49+05:30,851,27.80,95.00,"0

",,,,
2023-09-23T20:36:04+05:30,852,27.80,95.00,"0

",,,,
2023-09-23T20:36:19+05:30,853,27.80,95.00,"0

",,,,
2023-09-23T20:36:35+05:30,854,27.80,95.00,"0

",,,,
2023-09-23T20:36:50+05:30,855,27.80,94.00,"0

",,,,
2023-09-23T20:37:05+05:30,856,27.80,95.00,"0

",,,,
2023-09-23T20:37:35+05:30,857,27.80,95.00,"0

",,,,
2023-09-23T20:37:50+05:30,858,27.80,95.00,"0

",,,,
2023-09-23T20:38:05+05:30,859,27.70,95.00,"0

",,,,
2023-09-23T20:38:36+05:30,860,27.70,95.00,"0

",,,,
2023-09-23T20:38:51+05:30,861,27.70,95.00,"0

",,,,
2023-09-23T20:39:07+05:30,862,27.70,95.00,"0

",,,,
2023-09-23T20:39:22+05:30,863,27.70,95.00,"0

",,,,
2023-09-23T20:39:53+05:30,864,27.70,95.00,"0

",,,,
2023-09-23T20:40:08+05:30,865,27.70,95.00,"0

",,,,
2023-09-23T20:40:54+05:30,866,27.70,95.00,"0

",,,,
2023-09-23T20:41:24+05:30,867,27.80,95.00,"0

",,,,
2023-09-23T20:42:10+05:30,868,27.70,95.00,"0

",,,,
2023-09-23T20:42:40+05:30,869,27.70,95.00,"0

",,,,
2023-09-23T20:42:56+05:30,870,27.70,94.00,"0

",,,,
2023-09-23T20:43:11+05:30,871,27.70,94.00,"0

",,,,
2023-09-23T20:43:42+05:30,872,27.70,94.00,"0

",,,,
2023-09-23T20:43:57+05:30,873,27.70,95.00,"0

",,,,
2023-09-23T20:44:12+05:30,874,27.70,95.00,"0

",,,,
2023-09-23T20:44:42+05:30,875,27.70,95.00,"0

",,,,
2023-09-23T20:44:57+05:30,876,27.80,95.00,"0

",,,,
2023-09-23T20:45:28+05:30,877,27.80,95.00,"0

",,,,
2023-09-23T20:45:43+05:30,878,27.80,94.00,"0

",,,,
2023-09-23T20:45:58+05:30,879,27.80,94.00,"0

",,,,
2023-09-23T20:46:14+05:30,880,27.80,94.00,"0

",,,,
2023-09-23T20:46:29+05:30,881,27.80,95.00,"0

",,,,
2023-09-23T20:46:44+05:30,882,27.80,94.00,"0

",,,,
2023-09-23T20:46:59+05:30,883,27.80,94.00,"0

",,,,
2023-09-23T20:47:29+05:30,884,27.80,95.00,"0

",,,,
2023-09-23T20:47:45+05:30,885,27.80,94.00,"0

",,,,
2023-09-23T20:48:00+05:30,886,27.80,95.00,"0

",,,,
2023-09-23T20:48:45+05:30,887,27.80,94.00,"0

",,,,
2023-09-23T20:49:00+05:30,888,27.80,94.00,"0

",,,,
2023-09-23T20:49:31+05:30,889,27.90,94.00,"0

",,,,
2023-09-23T20:49:46+05:30,890,27.90,94.00,"0

",,,,
2023-09-23T20:50:01+05:30,891,27.90,95.00,"0

",,,,
2023-09-23T20:51:02+05:30,892,27.90,94.00,"0

",,,,
2023-09-23T20:51:32+05:30,893,27.90,94.00,"0

",,,,
2023-09-23T20:51:48+05:30,894,27.90,94.00,"0

",,,,
2023-09-23T20:52:03+05:30,895,27.90,94.00,"0

",,,,
2023-09-23T20:52:19+05:30,896,27.90,94.00,"0

",,,,
2023-09-23T20:52:49+05:30,897,27.90,94.00,"0

",,,,
2023-09-23T20:53:04+05:30,898,27.90,94.00,"0

",,,,
2023-09-23T20:53:35+05:30,899,27.90,94.00,"0

",,,,
2023-09-23T20:53:50+05:30,900,27.90,94.00,"0

",,,,
2023-09-23T20:54:05+05:30,901,27.90,94.00,"0

",,,,
2023-09-23T20:54:39+05:30,902,27.90,94.00,"0

",,,,
2023-09-23T20:54:55+05:30,903,27.90,95.00,"0

",,,,
2023-09-23T20:55:10+05:30,904,27.80,94.00,"0

",,,,
2023-09-23T20:55:41+05:30,905,27.90,95.00,"0

",,,,
2023-09-23T20:55:56+05:30,906,27.90,95.00,"0

",,,,
2023-09-23T20:56:27+05:30,907,27.90,94.00,"0

",,,,
2023-09-23T20:56:42+05:30,908,27.90,95.00,"0

",,,,
2023-09-23T20:56:58+05:30,909,27.90,95.00,"0

",,,,
2023-09-23T20:57:13+05:30,910,27.90,95.00,"0

",,,,
2023-09-23T20:58:05+05:30,911,27.90,95.00,"0

",,,,
2023-09-23T20:58:41+05:30,912,27.90,95.00,"0

",,,,
2023-09-23T20:58:56+05:30,913,27.80,94.00,"0

",,,,
2023-09-23T20:59:11+05:30,914,27.90,95.00,"0

",,,,
2023-09-23T20:59:41+05:30,915,27.80,94.00,"0

",,,,
2023-09-23T21:00:29+05:30,916,27.90,95.00,"0

",,,,
2023-09-23T21:00:44+05:30,917,27.90,95.00,"0

",,,,
2023-09-23T21:01:30+05:30,918,27.90,95.00,"0

",,,,
2023-09-23T21:01:45+05:30,919,27.90,95.00,"0

",,,,
2023-09-23T21:02:00+05:30,920,27.90,95.00,"0

",,,,
2023-09-23T21:02:31+05:30,921,27.90,95.00,"0

",,,,
2023-09-23T21:02:46+05:30,922,27.90,95.00,"0

",,,,
2023-09-23T21:03:01+05:30,923,27.90,95.00,"0

",,,,
2023-09-23T21:03:32+05:30,924,27.90,95.00,"0

",,,,
2023-09-23T21:03:47+05:30,925,27.90,95.00,"0

",,,,
2023-09-23T21:04:02+05:30,926,27.90,95.00,"0

",,,,
2023-09-23T21:04:33+05:30,927,27.90,95.00,"0

",,,,
2023-09-23T21:04:48+05:30,928,27.90,95.00,"0

",,,,
2023-09-23T21:05:03+05:30,929,27.90,95.00,"0

",,,,
2023-09-23T21:05:19+05:30,930,27.90,95.00,"0

",,,,
2023-09-23T21:05:34+05:30,931,27.90,95.00,"0

",,,,
2023-09-23T21:05:49+05:30,932,27.80,95.00,"0

",,,,
2023-09-23T21:06:05+05:30,933,27.90,95.00,"0

",,,,
2023-09-23T21:06:20+05:30,934,27.80,95.00,"0

",,,,
2023-09-23T21:06:35+05:30,935,27.90,95.00,"0

",,,,
2023-09-23T21:06:50+05:30,936,27.90,95.00,"1023

",,,,
2023-09-23T21:07:05+05:30,937,27.90,95.00,"0

",,,,
2023-09-23T21:07:35+05:30,938,27.90,95.00,"0

",,,,
2023-09-23T21:07:50+05:30,939,27.90,95.00,"0

",,,,
2023-09-23T21:08:06+05:30,940,27.90,95.00,"0

",,,,
2023-09-23T21:08:36+05:30,941,27.90,95.00,"0

",,,,
2023-09-23T21:08:51+05:30,942,27.90,95.00,"0

",,,,
2023-09-23T21:09:06+05:30,943,27.90,95.00,"0

",,,,
2023-09-23T21:09:21+05:30,944,27.90,95.00,"0

",,,,
2023-09-23T21:09:37+05:30,945,27.90,95.00,"0

",,,,
2023-09-23T21:09:52+05:30,946,27.90,95.00,"0

",,,,
2023-09-23T21:10:07+05:30,947,27.90,95.00,"0

",,,,
2023-09-23T21:10:37+05:30,948,27.90,95.00,"0

",,,,
2023-09-23T21:10:52+05:30,949,27.90,95.00,"0

",,,,
2023-09-23T21:11:07+05:30,950,27.90,95.00,"0

",,,,
2023-09-23T21:12:08+05:30,951,27.90,95.00,"0

",,,,
2023-09-23T21:12:23+05:30,952,27.90,95.00,"0

",,,,
2023-09-23T21:12:38+05:30,953,27.90,95.00,"0

",,,,
2023-09-23T21:12:54+05:30,954,27.90,95.00,"0

",,,,
2023-09-23T21:13:09+05:30,955,27.90,95.00,"0

",,,,
2023-09-23T21:13:25+05:30,956,27.90,95.00,"0

",,,,
2023-09-23T21:13:40+05:30,957,27.90,95.00,"0

",,,,
2023-09-23T21:13:55+05:30,958,27.90,95.00,"0

",,,,
2023-09-23T21:14:10+05:30,959,27.90,95.00,"0

",,,,
2023-09-23T21:14:41+05:30,960,27.90,95.00,"0

",,,,
2023-09-23T21:14:56+05:30,961,27.90,95.00,"0

",,,,
2023-09-23T21:15:11+05:30,962,27.90,95.00,"0

",,,,
2023-09-23T21:15:26+05:30,963,27.90,95.00,"0

",,,,
2023-09-23T21:15:41+05:30,964,27.90,95.00,"0

",,,,
2023-09-23T21:15:56+05:30,965,27.90,95.00,"0

",,,,
2023-09-23T21:16:12+05:30,966,27.90,95.00,"0

",,,,
2023-09-23T21:16:57+05:30,967,27.90,95.00,"0

",,,,
2023-09-23T21:17:12+05:30,968,27.90,95.00,"0

",,,,
2023-09-23T21:17:27+05:30,969,27.90,95.00,"0

",,,,
2023-09-23T21:17:43+05:30,970,27.90,95.00,"0

",,,,
2023-09-23T21:17:58+05:30,971,27.90,95.00,"0

",,,,
2023-09-23T21:18:13+05:30,972,27.90,95.00,"0

",,,,
2023-09-23T21:18:28+05:30,973,27.90,95.00,"0

",,,,
2023-09-23T21:18:43+05:30,974,27.90,95.00,"0

",,,,
2023-09-23T21:19:43+05:30,975,27.80,95.00,"0

",,,,
2023-09-23T21:20:14+05:30,976,27.80,95.00,"0

",,,,
2023-09-23T21:20:44+05:30,977,27.80,95.00,"0

",,,,
2023-09-23T21:21:15+05:30,978,27.80,95.00,"0

",,,,
2023-09-23T21:21:31+05:30,979,27.80,95.00,"0

",,,,
2023-09-23T21:21:46+05:30,980,27.80,95.00,"0

",,,,
2023-09-23T21:22:01+05:30,981,27.80,95.00,"0

",,,,
2023-09-23T21:22:16+05:30,982,27.80,95.00,"0

",,,,
2023-09-23T21:23:02+05:30,983,27.80,95.00,"0

",,,,
2023-09-23T21:23:17+05:30,984,27.80,95.00,"0

",,,,
2023-09-23T21:23:48+05:30,985,27.80,95.00,"0

",,,,
2023-09-23T21:24:18+05:30,986,27.80,95.00,"0

",,,,
2023-09-23T21:25:04+05:30,987,27.80,95.00,"0

",,,,
2023-09-23T21:25:19+05:30,988,27.80,95.00,"0

",,,,
2023-09-23T21:25:49+05:30,989,27.80,95.00,"0

",,,,
2023-09-23T21:26:04+05:30,990,27.70,95.00,"0

",,,,
2023-09-23T21:26:19+05:30,991,27.80,95.00,"0

",,,,
2023-09-23T21:26:50+05:30,992,27.80,95.00,"0

",,,,
2023-09-23T21:27:05+05:30,993,27.80,95.00,"0

",,,,
2023-09-23T21:27:20+05:30,994,27.80,95.00,"0

",,,,
2023-09-23T21:27:50+05:30,995,27.80,95.00,"0

",,,,
2023-09-23T21:28:05+05:30,996,27.80,95.00,"0

",,,,
2023-09-23T21:28:21+05:30,997,27.80,95.00,"0

",,,,
2023-09-23T21:29:51+05:30,998,27.80,95.00,"0

",,,,
2023-09-23T21:30:06+05:30,999,27.80,95.00,"0

",,,,
2023-09-23T21:30:22+05:30,1000,27.70,95.00,"0

",,,,
2023-09-23T21:30:52+05:30,1001,27.80,95.00,"0

",,,,
2023-09-23T21:31:07+05:30,1002,27.70,95.00,"0

",,,,
2023-09-23T21:31:22+05:30,1003,27.70,95.00,"0

",,,,
2023-09-23T21:31:37+05:30,1004,27.80,95.00,"0

",,,,
2023-09-23T21:31:53+05:30,1005,27.70,95.00,"0

",,,,
2023-09-23T21:32:08+05:30,1006,27.70,95.00,"0

",,,,
2023-09-23T21:32:23+05:30,1007,27.70,95.00,"0

",,,,
2023-09-23T21:32:53+05:30,1008,27.70,95.00,"0

",,,,
2023-09-23T21:33:09+05:30,1009,27.70,95.00,"0

",,,,
2023-09-23T21:33:24+05:30,1010,27.70,95.00,"0

",,,,
2023-09-23T21:34:09+05:30,1011,27.70,95.00,"0

",,,,
2023-09-23T21:34:24+05:30,1012,27.70,95.00,"0

",,,,
2023-09-23T21:34:54+05:30,1013,27.70,95.00,"0

",,,,
2023-09-23T21:35:09+05:30,1014,27.70,95.00,"0

",,,,
2023-09-23T21:35:24+05:30,1015,27.70,95.00,"0

",,,,
2023-09-23T21:36:09+05:30,1016,27.80,95.00,"0

",,,,
2023-09-23T21:36:24+05:30,1017,27.70,95.00,"0

",,,,
2023-09-23T21:36:55+05:30,1018,27.70,95.00,"0

",,,,
2023-09-23T21:37:10+05:30,1019,27.70,95.00,"0

",,,,
2023-09-23T21:37:25+05:30,1020,27.70,95.00,"0

",,,,
2023-09-23T21:37:55+05:30,1021,27.70,95.00,"0

",,,,
2023-09-23T21:38:10+05:30,1022,27.70,95.00,"0

",,,,
2023-09-23T21:38:25+05:30,1023,27.70,95.00,"0

",,,,
2023-09-23T21:38:40+05:30,1024,27.70,95.00,"0

",,,,
2023-09-23T21:39:26+05:30,1025,27.70,95.00,"0

",,,,
2023-09-23T21:39:56+05:30,1026,27.70,95.00,"0

",,,,
2023-09-23T21:40:11+05:30,1027,27.70,95.00,"0

",,,,
2023-09-23T21:40:26+05:30,1028,27.70,95.00,"0

",,,,
2023-09-23T21:40:57+05:30,1029,27.70,95.00,"0

",,,,
2023-09-23T21:41:12+05:30,1030,27.70,95.00,"0

",,,,
2023-09-23T21:41:27+05:30,1031,27.70,95.00,"0

",,,,
2023-09-23T21:41:57+05:30,1032,27.70,95.00,"0

",,,,
2023-09-23T21:42:12+05:30,1033,27.70,95.00,"0

",,,,
2023-09-23T21:42:27+05:30,1034,27.70,95.00,"0

",,,,
2023-09-23T21:42:58+05:30,1035,27.70,95.00,"0

",,,,
2023-09-23T21:43:13+05:30,1036,27.80,95.00,"0

",,,,
2023-09-23T21:43:28+05:30,1037,27.70,95.00,"0

",,,,
2023-09-23T21:43:59+05:30,1038,27.80,95.00,"0

",,,,
2023-09-23T21:44:14+05:30,1039,27.80,95.00,"0

",,,,
2023-09-23T21:44:29+05:30,1040,27.80,95.00,"0

",,,,
2023-09-23T21:44:44+05:30,1041,27.80,95.00,"0

",,,,
2023-09-23T21:44:59+05:30,1042,27.80,95.00,"0

",,,,
2023-09-23T21:45:14+05:30,1043,27.80,95.00,"0

",,,,
2023-09-23T21:45:29+05:30,1044,27.70,95.00,"0

",,,,
2023-09-23T21:46:00+05:30,1045,27.70,95.00,"0

",,,,
2023-09-23T21:46:15+05:30,1046,27.70,95.00,"0

",,,,
2023-09-23T21:46:30+05:30,1047,27.80,95.00,"0

",,,,
2023-09-23T21:47:00+05:30,1048,27.80,95.00,"0

",,,,
2023-09-23T21:47:15+05:30,1049,27.70,95.00,"0

",,,,
2023-09-23T21:47:30+05:30,1050,27.70,95.00,"0

",,,,
2023-09-23T21:48:15+05:30,1051,27.70,95.00,"0

",,,,
2023-09-23T21:48:31+05:30,1052,27.70,95.00,"0

",,,,
2023-09-23T21:48:46+05:30,1053,27.70,95.00,"0

",,,,
2023-09-23T21:49:16+05:30,1054,27.70,95.00,"0

",,,,
2023-09-23T21:49:31+05:30,1055,27.70,95.00,"0

",,,,
2023-09-23T21:49:46+05:30,1056,27.70,95.00,"0

",,,,
2023-09-23T21:50:01+05:30,1057,27.70,95.00,"0

",,,,
2023-09-23T21:50:16+05:30,1058,27.70,95.00,"0

",,,,
2023-09-23T21:50:31+05:30,1059,27.70,95.00,"0

",,,,
2023-09-23T21:50:47+05:30,1060,27.70,95.00,"0

",,,,
2023-09-23T21:51:02+05:30,1061,27.70,95.00,"0

",,,,
2023-09-23T21:51:17+05:30,1062,27.70,95.00,"0

",,,,
2023-09-23T21:51:32+05:30,1063,27.70,95.00,"0

",,,,
2023-09-23T21:51:47+05:30,1064,27.70,95.00,"0

",,,,
2023-09-23T21:52:02+05:30,1065,27.70,95.00,"0

",,,,
2023-09-23T21:52:17+05:30,1066,27.70,95.00,"0

",,,,
2023-09-23T21:53:03+05:30,1067,27.70,95.00,"0

",,,,
2023-09-23T21:53:18+05:30,1068,27.70,95.00,"0

",,,,
2023-09-23T21:53:33+05:30,1069,27.70,95.00,"0

",,,,
2023-09-23T21:54:04+05:30,1070,27.70,95.00,"0

",,,,
2023-09-23T21:54:19+05:30,1071,27.70,95.00,"0

",,,,
2023-09-23T21:54:34+05:30,1072,27.70,95.00,"0

",,,,
2023-09-23T21:54:49+05:30,1073,27.70,95.00,"0

",,,,
2023-09-23T21:55:04+05:30,1074,27.70,95.00,"0

",,,,
2023-09-23T21:55:20+05:30,1075,27.70,95.00,"0

",,,,
2023-09-23T21:55:35+05:30,1076,27.80,95.00,"0

",,,,
2023-09-23T21:56:05+05:30,1077,27.70,95.00,"0

",,,,
2023-09-23T21:56:20+05:30,1078,27.70,95.00,"0

",,,,
2023-09-23T21:56:36+05:30,1079,27.70,95.00,"0

",,,,
2023-09-23T21:57:06+05:30,1080,27.70,95.00,"0

",,,,
2023-09-23T21:57:21+05:30,1081,27.70,95.00,"0

",,,,
2023-09-23T21:57:37+05:30,1082,27.70,95.00,"0

",,,,
2023-09-23T21:57:52+05:30,1083,27.70,95.00,"0

",,,,
2023-09-23T21:58:07+05:30,1084,27.70,95.00,"0

",,,,
2023-09-23T21:58:22+05:30,1085,27.70,95.00,"0

",,,,
2023-09-23T21:58:37+05:30,1086,27.70,95.00,"0

",,,,
2023-09-23T21:59:07+05:30,1087,27.70,95.00,"0

",,,,
2023-09-23T21:59:22+05:30,1088,27.70,95.00,"0

",,,,
2023-09-23T21:59:37+05:30,1089,27.70,95.00,"0

",,,,
2023-09-23T22:00:07+05:30,1090,27.70,95.00,"0

",,,,
2023-09-23T22:00:38+05:30,1091,27.70,95.00,"0

",,,,
2023-09-23T22:00:53+05:30,1092,27.70,95.00,"0

",,,,
2023-09-23T22:01:08+05:30,1093,27.70,95.00,"0

",,,,
2023-09-23T22:01:38+05:30,1094,27.70,95.00,"0

",,,,
2023-09-23T22:01:53+05:30,1095,27.70,95.00,"0

",,,,
2023-09-23T22:02:23+05:30,1096,27.70,95.00,"0

",,,,
2023-09-23T22:02:38+05:30,1097,27.70,95.00,"0

",,,,
2023-09-23T22:02:54+05:30,1098,27.70,95.00,"0

",,,,
2023-09-23T22:03:09+05:30,1099,27.70,95.00,"0

",,,,
2023-09-23T22:03:24+05:30,1100,27.70,95.00,"0

",,,,
2023-09-23T22:03:39+05:30,1101,27.70,95.00,"0

",,,,
2023-09-23T22:03:54+05:30,1102,27.70,95.00,"0

",,,,
2023-09-23T22:04:10+05:30,1103,27.70,95.00,"0

",,,,
2023-09-23T22:04:40+05:30,1104,27.70,95.00,"0

",,,,
2023-09-23T22:04:55+05:30,1105,27.70,95.00,"0

",,,,
2023-09-23T22:05:10+05:30,1106,27.70,95.00,"0

",,,,
2023-09-23T22:05:40+05:30,1107,27.70,95.00,"0

",,,,
2023-09-23T22:06:11+05:30,1108,27.70,95.00,"0

",,,,
2023-09-23T22:06:41+05:30,1109,27.70,95.00,"0

",,,,
2023-09-23T22:06:56+05:30,1110,27.70,95.00,"0

",,,,
2023-09-23T22:07:11+05:30,1111,27.70,95.00,"0

",,,,
2023-09-23T22:07:26+05:30,1112,27.70,95.00,"0

",,,,
2023-09-23T22:07:41+05:30,1113,27.70,95.00,"0

",,,,
2023-09-23T22:07:57+05:30,1114,27.70,95.00,"0

",,,,
2023-09-23T22:08:27+05:30,1115,27.70,95.00,"0

",,,,
2023-09-23T22:08:42+05:30,1116,27.70,95.00,"0

",,,,
2023-09-23T22:08:57+05:30,1117,27.70,95.00,"0

",,,,
2023-09-23T23:59:12+05:30,1118,27.60,95.00,"0

",,,,
2023-09-23T23:59:28+05:30,1119,27.70,95.00,"0

",,,,
2023-09-23T23:59:43+05:30,1120,27.70,95.00,"0

",,,,
2023-09-23T23:59:58+05:30,1121,27.70,95.00,"0

",,,,
2023-09-24T00:00:29+05:30,1122,27.70,95.00,"0

",,,,
2023-09-24T00:01:44+05:30,1123,27.70,95.00,"0

",,,,
2023-09-24T00:01:59+05:30,1124,27.70,95.00,"0

",,,,
2023-09-24T00:02:44+05:30,1125,27.70,95.00,"0

",,,,
2023-09-24T00:03:00+05:30,1126,27.70,95.00,"0

",,,,
2023-09-24T00:03:30+05:30,1127,27.70,95.00,"0

",,,,
2023-09-24T00:03:45+05:30,1128,27.70,95.00,"0

",,,,
2023-09-24T00:04:00+05:30,1129,27.70,95.00,"0

",,,,
2023-09-24T00:04:45+05:30,1130,27.70,95.00,"0

",,,,
2023-09-24T00:05:15+05:30,1131,27.70,95.00,"0

",,,,
2023-09-24T00:05:30+05:30,1132,27.70,95.00,"0

",,,,
2023-09-24T00:06:01+05:30,1133,27.70,95.00,"0

",,,,
2023-09-24T00:06:31+05:30,1134,27.70,95.00,"0

",,,,
2023-09-24T00:06:46+05:30,1135,27.70,95.00,"0

",,,,
2023-09-24T00:07:01+05:30,1136,27.70,95.00,"0

",,,,
2023-09-24T00:07:16+05:30,1137,27.90,95.00,"0

",,,,
2023-09-24T00:07:31+05:30,1138,27.90,95.00,"0

",,,,
2023-09-24T00:07:46+05:30,1139,27.90,95.00,"0

",,,,
2023-09-24T00:08:02+05:30,1140,27.90,95.00,"0

",,,,
2023-09-24T00:08:32+05:30,1141,27.90,95.00,"0

",,,,
2023-09-24T00:08:47+05:30,1142,27.90,95.00,"0

",,,,
2023-09-24T00:09:02+05:30,1143,27.90,95.00,"0

",,,,
2023-09-24T00:09:17+05:30,1144,27.90,95.00,"0

",,,,
2023-09-24T00:09:32+05:30,1145,27.90,95.00,"0

",,,,
2023-09-24T00:09:47+05:30,1146,27.90,95.00,"0

",,,,
2023-09-24T00:10:02+05:30,1147,27.90,95.00,"0

",,,,
2023-09-24T00:10:33+05:30,1148,27.90,95.00,"0

",,,,
2023-09-24T00:11:04+05:30,1149,27.90,95.00,"0

",,,,
2023-09-24T00:11:34+05:30,1150,27.90,95.00,"0

",,,,
2023-09-24T00:11:49+05:30,1151,27.90,95.00,"0

",,,,
2023-09-24T00:12:04+05:30,1152,27.90,95.00,"0

",,,,
2023-09-24T00:12:34+05:30,1153,27.90,95.00,"0

",,,,
2023-09-24T00:12:49+05:30,1154,27.90,95.00,"0

",,,,
2023-09-24T00:13:04+05:30,1155,27.90,95.00,"0

",,,,
2023-09-24T00:13:34+05:30,1156,27.90,95.00,"0

",,,,
2023-09-24T00:13:49+05:30,1157,27.90,95.00,"0

",,,,
2023-09-24T00:14:35+05:30,1158,27.90,95.00,"0

",,,,
2023-09-24T00:14:50+05:30,1159,27.90,95.00,"0

",,,,
2023-09-24T00:15:05+05:30,1160,27.90,95.00,"0

",,,,
2023-09-24T00:15:21+05:30,1161,27.90,95.00,"0

",,,,
2023-09-24T00:16:06+05:30,1162,27.90,95.00,"0

",,,,
2023-09-24T00:16:36+05:30,1163,27.90,95.00,"0

",,,,
2023-09-24T00:16:52+05:30,1164,27.90,95.00,"0

",,,,
2023-09-24T00:17:07+05:30,1165,27.90,95.00,"0

",,,,
2023-09-24T00:17:37+05:30,1166,27.90,95.00,"0

",,,,
2023-09-24T00:17:52+05:30,1167,27.90,95.00,"0

",,,,
2023-09-24T00:19:08+05:30,1168,27.90,95.00,"0

",,,,
2023-09-24T00:19:39+05:30,1169,27.90,95.00,"0

",,,,
2023-09-24T00:19:54+05:30,1170,27.90,95.00,"0

",,,,
2023-09-24T00:20:09+05:30,1171,27.90,95.00,"0

",,,,
2023-09-24T00:20:24+05:30,1172,27.90,95.00,"0

",,,,
2023-09-24T00:20:40+05:30,1173,27.90,95.00,"0

",,,,
2023-09-24T00:20:55+05:30,1174,27.90,95.00,"0

",,,,
2023-09-24T00:21:10+05:30,1175,28.00,95.00,"0

",,,,
2023-09-24T00:21:41+05:30,1176,27.90,95.00,"0

",,,,
2023-09-24T00:21:56+05:30,1177,27.90,95.00,"0

",,,,
2023-09-24T00:22:12+05:30,1178,27.90,95.00,"0

",,,,
2023-09-24T00:22:42+05:30,1179,27.90,95.00,"0

",,,,
2023-09-24T00:23:13+05:30,1180,27.90,95.00,"0

",,,,
2023-09-24T00:23:28+05:30,1181,27.90,95.00,"0

",,,,
2023-09-24T00:23:43+05:30,1182,27.90,95.00,"0

",,,,
2023-09-24T00:23:58+05:30,1183,27.90,95.00,"0

",,,,
2023-09-24T00:24:14+05:30,1184,27.90,95.00,"0

",,,,
2023-09-24T00:24:44+05:30,1185,27.90,95.00,"0

",,,,
2023-09-24T00:25:00+05:30,1186,27.90,95.00,"0

",,,,
2023-09-24T00:25:15+05:30,1187,27.90,95.00,"0

",,,,
2023-09-24T00:25:31+05:30,1188,27.90,95.00,"0

",,,,
2023-09-24T00:25:46+05:30,1189,27.90,95.00,"0

",,,,
2023-09-24T00:26:01+05:30,1190,27.90,95.00,"0

",,,,
2023-09-24T00:26:47+05:30,1191,27.90,95.00,"0

",,,,
2023-09-24T00:27:02+05:30,1192,27.90,95.00,"0

",,,,
2023-09-24T00:27:17+05:30,1193,27.90,95.00,"0

",,,,
2023-09-24T00:28:03+05:30,1194,27.90,95.00,"0

",,,,
2023-09-24T00:28:19+05:30,1195,27.90,95.00,"0

",,,,
2023-09-24T00:28:34+05:30,1196,27.90,95.00,"0

",,,,
2023-09-24T00:28:49+05:30,1197,27.90,95.00,"0

",,,,
2023-09-24T00:29:05+05:30,1198,27.90,95.00,"0

",,,,
2023-09-24T00:29:20+05:30,1199,27.90,95.00,"0

",,,,
2023-09-24T00:30:06+05:30,1200,27.90,95.00,"0

",,,,
2023-09-24T00:30:21+05:30,1201,27.90,95.00,"0

",,,,
2023-09-24T00:30:36+05:30,1202,27.90,95.00,"0

",,,,
2023-09-24T00:30:51+05:30,1203,27.90,95.00,"0

",,,,
2023-09-24T00:31:06+05:30,1204,27.90,95.00,"0

",,,,
2023-09-24T00:31:21+05:30,1205,27.90,95.00,"0

",,,,
2023-09-24T00:31:52+05:30,1206,27.90,95.00,"0

",,,,
2023-09-24T00:32:07+05:30,1207,27.90,95.00,"0

",,,,
2023-09-24T00:32:22+05:30,1208,27.90,95.00,"0

",,,,
2023-09-24T00:33:23+05:30,1209,27.90,95.00,"0

",,,,
2023-09-24T00:33:54+05:30,1210,27.90,95.00,"0

",,,,
2023-09-24T00:34:09+05:30,1211,27.90,95.00,"0

",,,,
2023-09-24T00:34:24+05:30,1212,27.90,95.00,"0

",,,,
2023-09-24T00:34:55+05:30,1213,27.90,95.00,"0

",,,,
2023-09-24T00:35:10+05:30,1214,28.00,95.00,"0

",,,,
2023-09-24T00:35:25+05:30,1215,27.90,95.00,"0

",,,,
2023-09-24T11:43:02+05:30,1216,27.40,94.00,"0

",,,,
2023-09-24T11:43:17+05:30,1217,27.40,93.00,"0

",,,,
2023-09-24T11:43:48+05:30,1218,27.50,93.00,"0

",,,,
2023-09-24T11:44:03+05:30,1219,27.50,93.00,"0

",,,,
2023-09-24T11:45:10+05:30,1220,27.50,92.00,"0

",,,,
2023-09-24T11:45:25+05:30,1221,27.60,92.00,"0

",,,,
2023-09-24T11:45:40+05:30,1222,27.60,92.00,"0

",,,,
2023-09-24T11:45:56+05:30,1223,27.60,91.00,"0

",,,,
2023-09-24T11:46:11+05:30,1224,27.60,91.00,"0

",,,,
2023-09-24T11:46:26+05:30,1225,27.60,91.00,"0

",,,,
2023-09-24T11:46:41+05:30,1226,27.70,91.00,"0

",,,,
2023-09-24T11:46:57+05:30,1227,27.70,91.00,"0

",,,,
2023-09-24T11:47:12+05:30,1228,27.70,91.00,"0

",,,,
2023-09-24T11:47:27+05:30,1229,27.70,91.00,"0

",,,,
2023-09-24T11:47:42+05:30,1230,27.80,91.00,"0

",,,,
2023-09-24T11:47:58+05:30,1231,27.80,91.00,"0

",,,,
2023-09-24T11:48:28+05:30,1232,27.80,90.00,"0

",,,,
2023-09-24T11:48:43+05:30,1233,27.90,90.00,"0

",,,,
2023-09-24T11:48:58+05:30,1234,27.90,90.00,"0

",,,,
2023-09-24T11:50:29+05:30,1235,27.80,89.00,"0

",,,,
2023-09-24T11:50:45+05:30,1236,27.80,89.00,"0

",,,,
2023-09-24T11:51:00+05:30,1237,27.80,89.00,"0

",,,,
2023-09-24T11:51:16+05:30,1238,27.80,89.00,"0

",,,,
2023-09-24T11:51:31+05:30,1239,27.80,89.00,"0

",,,,
2023-09-24T11:51:46+05:30,1240,27.90,89.00,"0

",,,,
2023-09-24T11:52:01+05:30,1241,27.90,89.00,"0

",,,,
2023-09-24T11:52:32+05:30,1242,27.90,89.00,"0

",,,,
2023-09-24T11:52:47+05:30,1243,27.90,89.00,"0

",,,,
2023-09-24T11:53:02+05:30,1244,27.90,89.00,"0

",,,,
2023-09-24T11:53:33+05:30,1245,27.90,89.00,"0

",,,,
2023-09-24T11:53:48+05:30,1246,27.90,89.00,"0

",,,,
2023-09-24T11:54:03+05:30,1247,27.90,89.00,"0

",,,,
2023-09-24T11:54:18+05:30,1248,27.90,89.00,"0

",,,,
2023-09-24T11:54:48+05:30,1249,27.90,89.00,"0

",,,,
2023-09-24T11:55:04+05:30,1250,28.00,90.00,"0

",,,,
2023-09-24T11:55:34+05:30,1251,28.00,90.00,"0

",,,,
2023-09-24T11:55:49+05:30,1252,28.00,90.00,"0

",,,,
2023-09-24T11:56:04+05:30,1253,28.00,90.00,"0

",,,,
2023-09-24T11:56:49+05:30,1254,27.90,89.00,"0

",,,,
2023-09-24T11:57:04+05:30,1255,27.90,89.00,"0

",,,,
2023-09-24T11:57:50+05:30,1256,28.00,89.00,"0

",,,,
2023-09-24T11:58:05+05:30,1257,28.00,89.00,"0

",,,,
2023-09-24T11:58:35+05:30,1258,27.90,88.00,"0

",,,,
2023-09-24T11:58:51+05:30,1259,27.90,88.00,"0

",,,,
2023-09-24T11:59:06+05:30,1260,28.00,89.00,"0

",,,,
2023-09-24T11:59:36+05:30,1261,28.00,89.00,"0

",,,,
2023-09-24T11:59:51+05:30,1262,28.00,89.00,"0

",,,,
2023-09-24T12:00:06+05:30,1263,28.00,89.00,"0

",,,,
2023-09-24T12:00:37+05:30,1264,28.00,89.00,"0

",,,,
2023-09-24T12:00:52+05:30,1265,28.00,89.00,"0

",,,,
2023-09-24T12:01:53+05:30,1266,28.00,89.00,"0

",,,,
2023-09-24T12:02:08+05:30,1267,28.00,89.00,"0

",,,,
2023-09-24T12:02:24+05:30,1268,28.00,89.00,"0

",,,,
2023-09-24T12:02:54+05:30,1269,28.00,89.00,"0

",,,,
2023-09-24T12:03:09+05:30,1270,28.00,89.00,"0

",,,,
2023-09-24T12:03:39+05:30,1271,28.00,89.00,"0

",,,,
2023-09-24T12:03:54+05:30,1272,28.00,89.00,"0

",,,,
2023-09-24T12:04:09+05:30,1273,28.00,89.00,"0

",,,,
2023-09-24T12:04:24+05:30,1274,28.00,90.00,"0

",,,,
2023-09-24T12:04:39+05:30,1275,28.00,89.00,"0

",,,,
2023-09-24T12:04:55+05:30,1276,28.00,90.00,"0

",,,,
2023-09-24T12:05:10+05:30,1277,28.00,89.00,"0

",,,,
2023-09-24T12:05:56+05:30,1278,28.00,90.00,"0

",,,,
2023-09-24T12:06:11+05:30,1279,28.00,90.00,"0

",,,,
2023-09-24T12:06:41+05:30,1280,28.00,90.00,"0

",,,,
2023-09-24T12:06:57+05:30,1281,28.00,90.00,"0

",,,,
2023-09-24T12:07:12+05:30,1282,28.00,90.00,"0

",,,,
2023-09-24T12:07:42+05:30,1283,28.00,90.00,"0

",,,,
2023-09-24T12:07:57+05:30,1284,28.00,89.00,"0

",,,,
2023-09-24T12:08:13+05:30,1285,28.00,89.00,"0

",,,,
2023-09-24T12:08:28+05:30,1286,28.00,89.00,"0

",,,,
2023-09-24T12:08:43+05:30,1287,28.00,89.00,"0

",,,,
2023-09-24T12:08:58+05:30,1288,28.00,89.00,"0

",,,,
2023-09-24T12:09:13+05:30,1289,28.00,90.00,"0

",,,,
2023-09-24T12:09:44+05:30,1290,28.00,90.00,"0

",,,,
2023-09-24T12:09:59+05:30,1291,28.00,90.00,"0

",,,,
2023-09-24T12:10:14+05:30,1292,28.00,90.00,"0

",,,,
2023-09-24T12:10:29+05:30,1293,28.00,90.00,"0

",,,,
2023-09-24T12:10:44+05:30,1294,28.00,90.00,"0

",,,,
2023-09-24T12:11:00+05:30,1295,28.00,90.00,"0

",,,,
2023-09-24T12:11:15+05:30,1296,28.00,90.00,"0

",,,,
2023-09-24T12:12:05+05:30,1297,28.00,90.00,"0

",,,,
2023-09-24T12:12:20+05:30,1298,28.00,90.00,"0

",,,,
2023-09-24T12:13:06+05:30,1299,28.00,90.00,"0

",,,,
2023-09-24T12:13:21+05:30,1300,28.00,90.00,"0

",,,,
2023-09-24T12:13:37+05:30,1301,28.00,90.00,"0

",,,,
2023-09-24T12:13:52+05:30,1302,28.00,90.00,"0

",,,,
2023-09-24T12:14:08+05:30,1303,28.00,90.00,"0

",,,,
2023-09-24T12:14:23+05:30,1304,28.00,90.00,"0

",,,,
2023-09-24T12:14:38+05:30,1305,28.00,90.00,"0

",,,,
2023-09-24T12:15:25+05:30,1306,28.00,90.00,"0

",,,,
2023-09-24T12:15:41+05:30,1307,28.00,90.00,"0

",,,,
2023-09-24T12:15:56+05:30,1308,28.00,90.00,"0

",,,,
2023-09-24T12:16:27+05:30,1309,28.00,90.00,"0

",,,,
2023-09-24T12:16:43+05:30,1310,28.00,90.00,"0

",,,,
2023-09-24T12:17:45+05:30,1311,28.00,90.00,"0

",,,,
2023-09-24T12:18:01+05:30,1312,28.00,90.00,"0

",,,,
2023-09-24T12:18:16+05:30,1313,28.00,90.00,"0

",,,,
2023-09-24T12:18:32+05:30,1314,28.00,90.00,"0

",,,,
2023-09-24T12:19:03+05:30,1315,28.00,90.00,"0

",,,,
2023-09-24T12:19:19+05:30,1316,28.00,90.00,"0

",,,,
2023-09-24T12:19:49+05:30,1317,28.00,90.00,"0

",,,,
2023-09-24T12:20:04+05:30,1318,28.00,90.00,"0

",,,,
2023-09-24T12:20:20+05:30,1319,28.00,90.00,"0

",,,,
2023-09-24T12:20:35+05:30,1320,28.00,90.00,"0

",,,,
2023-09-24T12:21:05+05:30,1321,28.00,90.00,"0

",,,,
2023-09-24T12:21:21+05:30,1322,28.00,90.00,"0

",,,,
2023-09-24T12:21:36+05:30,1323,28.00,90.00,"0

",,,,
2023-09-24T12:22:07+05:30,1324,28.00,90.00,"0

",,,,
2023-09-24T12:22:22+05:30,1325,28.00,90.00,"0

",,,,
2023-09-24T12:22:37+05:30,1326,28.00,90.00,"0

",,,,
2023-09-24T12:22:53+05:30,1327,28.00,90.00,"0

",,,,
2023-09-24T12:23:08+05:30,1328,28.00,90.00,"0

",,,,
2023-09-24T12:23:39+05:30,1329,28.00,90.00,"0

",,,,
2023-09-24T12:24:10+05:30,1330,28.00,90.00,"0

",,,,
2023-09-24T12:24:58+05:30,1331,28.00,90.00,"0

",,,,
2023-09-24T12:25:13+05:30,1332,28.00,90.00,"0

",,,,
2023-09-24T12:25:28+05:30,1333,28.00,90.00,"0

",,,,
2023-09-24T12:25:44+05:30,1334,28.00,90.00,"0

",,,,
2023-09-24T12:26:15+05:30,1335,28.00,90.00,"0

",,,,
2023-09-24T12:26:31+05:30,1336,28.00,90.00,"0

",,,,
2023-09-24T12:26:46+05:30,1337,28.00,90.00,"0

",,,,
2023-09-24T12:27:02+05:30,1338,28.00,90.00,"0

",,,,
2023-09-24T12:27:35+05:30,1339,28.00,90.00,"0

",,,,
2023-09-24T12:28:06+05:30,1340,28.00,90.00,"0

",,,,
2023-09-24T12:28:22+05:30,1341,28.00,90.00,"0

",,,,
2023-09-24T12:28:37+05:30,1342,28.00,90.00,"0

",,,,
2023-09-24T12:28:53+05:30,1343,28.00,90.00,"0

",,,,
2023-09-24T12:29:09+05:30,1344,28.00,90.00,"0

",,,,
2023-09-24T12:29:24+05:30,1345,27.90,89.00,"0

",,,,
2023-09-24T12:29:39+05:30,1346,28.00,90.00,"0

",,,,
2023-09-24T12:29:55+05:30,1347,28.00,90.00,"0

",,,,
2023-09-24T12:30:10+05:30,1348,27.90,89.00,"0

",,,,
2023-09-24T12:30:41+05:30,1349,27.90,89.00,"0

",,,,
2023-09-24T12:31:12+05:30,1350,28.00,90.00,"0

",,,,
2023-09-24T12:31:27+05:30,1351,28.00,90.00,"0

",,,,
2023-09-24T12:31:42+05:30,1352,28.00,90.00,"0

",,,,
2023-09-24T12:31:58+05:30,1353,27.90,89.00,"0

",,,,
2023-09-24T12:32:13+05:30,1354,28.00,90.00,"0

",,,,
2023-09-24T12:33:00+05:30,1355,27.90,89.00,"0

",,,,
2023-09-24T12:33:15+05:30,1356,27.90,89.00,"0

",,,,
2023-09-24T12:33:30+05:30,1357,27.90,89.00,"0

",,,,
2023-09-24T12:33:46+05:30,1358,27.90,89.00,"0

",,,,
2023-09-24T12:34:34+05:30,1359,28.00,90.00,"0

",,,,
2023-09-24T12:34:49+05:30,1360,28.00,90.00,"0

",,,,
2023-09-24T12:35:05+05:30,1361,28.00,90.00,"0

",,,,
2023-09-24T12:35:20+05:30,1362,28.00,90.00,"0

",,,,
2023-09-24T12:36:42+05:30,1363,28.00,89.00,"0

",,,,
2023-09-24T12:37:15+05:30,1364,28.00,89.00,"0

",,,,
2023-09-24T12:37:30+05:30,1365,28.00,89.00,"0

",,,,
2023-09-24T12:38:03+05:30,1366,28.10,89.00,"0

",,,,
2023-09-24T12:38:18+05:30,1367,28.10,89.00,"0

",,,,
2023-09-24T12:39:06+05:30,1368,28.10,89.00,"0

",,,,
2023-09-24T12:39:54+05:30,1369,28.10,89.00,"0

",,,,
2023-09-24T12:40:10+05:30,1370,28.10,89.00,"0

",,,,
2023-09-24T12:40:43+05:30,1371,28.00,89.00,"0

",,,,
2023-09-24T12:40:58+05:30,1372,28.00,89.00,"0

",,,,
2023-09-24T12:41:14+05:30,1373,28.00,89.00,"0

",,,,
2023-09-24T12:41:45+05:30,1374,28.00,89.00,"0

",,,,
2023-09-24T12:42:01+05:30,1375,28.00,89.00,"0

",,,,
2023-09-24T12:42:17+05:30,1376,28.00,89.00,"0

",,,,
2023-09-24T12:42:32+05:30,1377,28.00,89.00,"0

",,,,
2023-09-24T12:42:47+05:30,1378,28.00,90.00,"0

",,,,
2023-09-24T12:43:35+05:30,1379,28.00,89.00,"0

",,,,
2023-09-24T12:44:07+05:30,1380,28.00,89.00,"0

",,,,
2023-09-24T13:17:49+05:30,1381,27.60,92.00,"0

",,,,
2023-09-24T13:18:04+05:30,1382,27.60,92.00,"0

",,,,
2023-09-24T13:18:19+05:30,1383,27.60,92.00,"0

",,,,
2023-09-24T13:18:35+05:30,1384,27.70,92.00,"0

",,,,
2023-09-24T13:18:50+05:30,1385,27.70,91.00,"0

",,,,
2023-09-24T13:19:05+05:30,1386,27.70,91.00,"1023

",,,,
2023-09-24T13:19:35+05:30,1387,27.90,91.00,"0

",,,,
2023-09-24T13:19:50+05:30,1388,27.90,90.00,"0

",,,,
2023-09-24T13:20:05+05:30,1389,27.90,90.00,"0

",,,,
2023-09-24T13:20:36+05:30,1390,27.90,90.00,"0

",,,,
2023-09-24T13:20:51+05:30,1391,27.90,90.00,"0

",,,,
2023-09-24T13:21:06+05:30,1392,27.90,90.00,"0

",,,,
2023-09-24T13:21:36+05:30,1393,28.00,90.00,"0

",,,,
2023-09-24T13:21:51+05:30,1394,28.00,90.00,"0

",,,,
2023-09-24T13:22:06+05:30,1395,28.00,90.00,"0

",,,,
2023-09-24T13:22:37+05:30,1396,28.00,90.00,"0

",,,,
2023-09-24T13:22:52+05:30,1397,28.00,88.00,"0

",,,,
2023-09-24T13:23:07+05:30,1398,28.00,88.00,"0

",,,,
2023-09-24T13:23:37+05:30,1399,28.00,88.00,"0

",,,,
2023-09-24T13:23:53+05:30,1400,28.00,88.00,"0

",,,,
2023-09-24T13:24:08+05:30,1401,28.00,88.00,"0

",,,,
2023-09-24T13:24:23+05:30,1402,28.00,88.00,"0

",,,,
2023-09-24T13:24:38+05:30,1403,28.00,88.00,"1023

",,,,
2023-09-24T13:24:53+05:30,1404,28.10,88.00,"1023

",,,,
2023-09-24T13:25:08+05:30,1405,28.10,88.00,"1023

",,,,
2023-09-24T13:25:39+05:30,1406,28.10,88.00,"1023

",,,,
2023-09-24T13:25:54+05:30,1407,28.10,88.00,"1023

",,,,
2023-09-24T13:26:09+05:30,1408,28.10,88.00,"1023

",,,,
2023-09-24T13:26:24+05:30,1409,28.10,88.00,"1023

",,,,
2023-09-24T13:26:54+05:30,1410,28.10,88.00,"0

",,,,
2023-09-24T13:27:55+05:30,1411,28.00,88.00,"0

",,,,
2023-09-24T13:28:10+05:30,1412,28.00,88.00,"0

",,,,
2023-09-24T13:28:26+05:30,1413,28.00,88.00,"0

",,,,
2023-09-24T13:28:42+05:30,1414,28.00,88.00,"0

",,,,
2023-09-24T13:29:13+05:30,1415,28.00,87.00,"0

",,,,
2023-09-24T13:29:59+05:30,1416,28.00,87.00,"0

",,,,
2023-09-24T13:30:29+05:30,1417,28.00,88.00,"0

",,,,
2023-09-24T13:30:44+05:30,1418,28.00,87.00,"0

",,,,
2023-09-24T13:30:59+05:30,1419,28.00,87.00,"0

",,,,
2023-09-24T13:31:29+05:30,1420,28.00,87.00,"0

",,,,
2023-09-24T13:31:44+05:30,1421,28.10,87.00,"0

",,,,
2023-09-24T13:31:59+05:30,1422,28.10,87.00,"0

",,,,
2023-09-24T13:32:15+05:30,1423,28.10,87.00,"0

",,,,
2023-09-24T13:32:30+05:30,1424,28.10,87.00,"0

",,,,
2023-09-24T13:32:45+05:30,1425,28.10,87.00,"0

",,,,
2023-09-24T13:33:00+05:30,1426,28.10,87.00,"0

",,,,
2023-09-24T13:33:15+05:30,1427,28.10,87.00,"0

",,,,
2023-09-24T13:33:45+05:30,1428,28.10,87.00,"1023

",,,,
2023-09-24T13:34:00+05:30,1429,28.10,87.00,"1023

",,,,
2023-09-24T13:34:46+05:30,1430,28.10,87.00,"1023

",,,,
2023-09-24T13:35:01+05:30,1431,28.10,86.00,"1023

",,,,
2023-09-24T13:35:31+05:30,1432,28.10,87.00,"1023

",,,,
2023-09-24T13:35:47+05:30,1433,28.10,86.00,"1023

",,,,
2023-09-24T13:36:02+05:30,1434,28.10,86.00,"1023

",,,,
2023-09-24T13:36:17+05:30,1435,28.10,86.00,"1023

",,,,
2023-09-24T13:36:32+05:30,1436,28.10,86.00,"1023

",,,,
2023-09-24T13:36:47+05:30,1437,28.10,86.00,"1023

",,,,
2023-09-24T13:37:02+05:30,1438,28.10,86.00,"1023

",,,,
2023-09-24T13:37:47+05:30,1439,28.00,86.00,"1023

",,,,
2023-09-24T13:38:03+05:30,1440,28.00,87.00,"1023

",,,,
2023-09-24T13:38:18+05:30,1441,28.00,87.00,"1023

",,,,
2023-09-24T13:38:33+05:30,1442,28.00,87.00,"1023

",,,,
2023-09-24T13:38:48+05:30,1443,28.00,87.00,"1023

",,,,
2023-09-24T13:39:03+05:30,1444,28.00,87.00,"1023

",,,,
2023-09-24T13:39:34+05:30,1445,28.00,87.00,"1023

",,,,
2023-09-24T13:39:49+05:30,1446,28.00,87.00,"1023

",,,,
2023-09-24T13:40:04+05:30,1447,28.00,87.00,"1023

",,,,
2023-09-24T13:40:35+05:30,1448,28.00,87.00,"1023

",,,,
2023-09-24T13:40:50+05:30,1449,28.00,87.00,"1023

",,,,
2023-09-24T13:41:05+05:30,1450,28.00,87.00,"1023

",,,,
2023-09-24T13:41:36+05:30,1451,28.00,87.00,"1023

",,,,
2023-09-24T13:41:51+05:30,1452,27.90,86.00,"1023

",,,,
2023-09-24T13:42:06+05:30,1453,28.00,87.00,"1023

",,,,
2023-09-24T13:43:23+05:30,1454,27.90,87.00,"0

",,,,
2023-09-24T13:43:38+05:30,1455,27.90,87.00,"0

",,,,
2023-09-24T13:43:54+05:30,1456,27.90,87.00,"0

",,,,
2023-09-24T13:44:09+05:30,1457,27.90,87.00,"0

",,,,
2023-09-24T13:44:24+05:30,1458,27.90,87.00,"0

",,,,
2023-09-24T13:44:39+05:30,1459,27.90,87.00,"0

",,,,
2023-09-24T13:44:55+05:30,1460,27.90,87.00,"1023

",,,,
2023-09-24T13:45:10+05:30,1461,27.90,87.00,"0

",,,,
2023-09-24T13:45:25+05:30,1462,27.90,87.00,"0

",,,,
2023-09-24T13:45:40+05:30,1463,27.90,87.00,"0

",,,,
2023-09-24T13:45:55+05:30,1464,27.90,87.00,"0

",,,,
2023-09-24T13:46:10+05:30,1465,27.90,87.00,"0

",,,,
2023-09-24T13:46:26+05:30,1466,27.90,87.00,"0

",,,,
2023-09-24T13:46:41+05:30,1467,27.90,87.00,"0

",,,,
2023-09-24T13:46:56+05:30,1468,27.90,87.00,"0

",,,,
2023-09-24T13:47:26+05:30,1469,27.90,87.00,"0

",,,,
2023-09-24T13:47:56+05:30,1470,27.90,87.00,"0

",,,,
2023-09-24T13:48:11+05:30,1471,27.80,87.00,"0

",,,,
2023-09-24T13:48:41+05:30,1472,27.90,87.00,"0

",,,,
2023-09-24T13:48:57+05:30,1473,27.80,87.00,"0

",,,,
2023-09-24T13:49:27+05:30,1474,27.80,87.00,"0

",,,,
2023-09-24T13:49:42+05:30,1475,27.90,88.00,"0

",,,,
2023-09-24T13:49:57+05:30,1476,27.80,88.00,"0

",,,,
2023-09-24T13:50:27+05:30,1477,27.80,88.00,"0

",,,,
2023-09-24T13:50:42+05:30,1478,27.70,88.00,"0

",,,,
2023-09-24T13:50:57+05:30,1479,27.70,88.00,"0

",,,,
2023-09-24T13:51:28+05:30,1480,27.80,87.00,"0

",,,,
2023-09-24T13:51:58+05:30,1481,27.70,87.00,"0

",,,,
2023-09-24T13:52:28+05:30,1482,27.70,87.00,"0

",,,,
2023-09-24T13:52:43+05:30,1483,27.70,87.00,"0

",,,,
2023-09-24T13:52:58+05:30,1484,27.70,87.00,"0

",,,,
2023-09-24T13:53:13+05:30,1485,27.70,87.00,"0

",,,,
2023-09-24T13:53:44+05:30,1486,27.70,87.00,"0

",,,,
2023-09-24T13:53:59+05:30,1487,27.70,87.00,"0

",,,,
2023-09-24T13:54:44+05:30,1488,27.70,87.00,"0

",,,,
2023-09-24T13:54:59+05:30,1489,27.70,87.00,"0

",,,,
2023-09-24T13:55:14+05:30,1490,27.70,88.00,"0

",,,,
2023-09-24T13:55:29+05:30,1491,27.70,87.00,"0

",,,,
2023-09-24T13:55:45+05:30,1492,27.70,87.00,"0

",,,,
2023-09-24T13:56:00+05:30,1493,27.70,87.00,"0

",,,,
2023-09-24T13:56:15+05:30,1494,27.70,87.00,"0

",,,,
2023-09-24T13:56:30+05:30,1495,27.70,88.00,"0

",,,,
2023-09-24T13:56:45+05:30,1496,27.70,87.00,"0

",,,,
2023-09-24T13:57:00+05:30,1497,27.70,87.00,"0

",,,,
2023-09-24T13:57:15+05:30,1498,27.70,87.00,"0

",,,,
2023-09-24T13:57:31+05:30,1499,27.70,87.00,"0

",,,,
2023-09-24T13:57:46+05:30,1500,27.70,87.00,"0

",,,,
2023-09-24T13:58:01+05:30,1501,27.70,87.00,"0

",,,,
2023-09-24T13:58:47+05:30,1502,27.60,88.00,"0

",,,,
2023-09-24T13:59:02+05:30,1503,27.60,88.00,"0

",,,,
2023-09-24T13:59:17+05:30,1504,27.70,88.00,"0

",,,,
2023-09-24T13:59:33+05:30,1505,27.70,87.00,"0

",,,,
2023-09-24T13:59:48+05:30,1506,27.70,87.00,"0

",,,,
2023-09-24T14:00:03+05:30,1507,27.70,88.00,"0

",,,,
2023-09-24T14:00:18+05:30,1508,27.70,88.00,"0

",,,,
2023-09-24T14:00:33+05:30,1509,27.60,87.00,"0

",,,,
2023-09-24T14:00:48+05:30,1510,27.60,87.00,"0

",,,,
2023-09-24T14:01:03+05:30,1511,27.70,88.00,"0

",,,,
2023-09-24T14:01:18+05:30,1512,27.60,88.00,"0

",,,,
2023-09-24T14:01:34+05:30,1513,27.60,88.00,"0

",,,,
2023-09-24T14:01:49+05:30,1514,27.60,88.00,"0

",,,,
2023-09-24T14:02:04+05:30,1515,27.60,88.00,"0

",,,,
2023-09-24T14:02:20+05:30,1516,27.60,88.00,"0

",,,,
2023-09-24T14:02:50+05:30,1517,27.60,88.00,"0

",,,,
2023-09-24T14:03:05+05:30,1518,27.60,88.00,"0

",,,,
2023-09-24T14:03:36+05:30,1519,27.60,88.00,"0

",,,,
2023-09-24T14:03:51+05:30,1520,27.60,88.00,"0

",,,,
2023-09-24T14:04:06+05:30,1521,27.70,88.00,"0

",,,,
2023-09-24T14:04:21+05:30,1522,27.70,87.00,"0

",,,,
2023-09-24T14:04:36+05:30,1523,27.70,88.00,"0

",,,,
2023-09-24T14:04:51+05:30,1524,27.70,87.00,"0

",,,,
2023-09-24T14:05:06+05:30,1525,27.70,88.00,"0

",,,,
2023-09-24T14:05:37+05:30,1526,27.70,87.00,"0

",,,,
2023-09-24T14:05:52+05:30,1527,27.70,88.00,"0

",,,,
2023-09-24T14:06:07+05:30,1528,27.70,87.00,"0

",,,,
2023-09-24T14:06:37+05:30,1529,27.70,87.00,"0

",,,,
2023-09-24T14:06:52+05:30,1530,27.70,88.00,"0

",,,,
2023-09-24T14:07:08+05:30,1531,27.70,87.00,"0

",,,,
2023-09-24T14:07:38+05:30,1532,27.70,87.00,"0

",,,,
2023-09-24T14:08:09+05:30,1533,27.70,87.00,"0

",,,,
2023-09-24T14:08:39+05:30,1534,27.70,88.00,"0

",,,,
2023-09-24T14:08:54+05:30,1535,27.70,88.00,"0

",,,,
2023-09-24T14:09:09+05:30,1536,27.70,88.00,"0

",,,,
2023-09-24T14:09:39+05:30,1537,27.70,87.00,"0

",,,,
2023-09-24T14:10:10+05:30,1538,27.60,88.00,"0

",,,,
2023-09-24T14:10:25+05:30,1539,27.70,88.00,"0

",,,,
2023-09-24T14:10:56+05:30,1540,27.70,88.00,"0

",,,,
2023-09-24T14:11:41+05:30,1541,27.70,88.00,"0

",,,,
2023-09-24T14:11:56+05:30,1542,27.70,88.00,"0

",,,,
2023-09-24T14:12:11+05:30,1543,27.70,88.00,"0

",,,,
2023-09-24T14:12:42+05:30,1544,27.70,88.00,"0

",,,,
2023-09-24T14:12:57+05:30,1545,27.70,87.00,"0

",,,,
2023-09-24T14:13:12+05:30,1546,27.70,88.00,"0

",,,,
2023-09-24T14:13:42+05:30,1547,27.70,88.00,"0

",,,,
2023-09-24T14:13:57+05:30,1548,27.70,88.00,"0

",,,,
2023-09-24T14:14:27+05:30,1549,27.70,88.00,"0

",,,,
2023-09-24T14:14:57+05:30,1550,27.70,88.00,"0

",,,,
2023-09-24T14:15:28+05:30,1551,27.70,88.00,"0

",,,,
2023-09-24T14:15:43+05:30,1552,27.70,88.00,"0

",,,,
2023-09-24T14:15:58+05:30,1553,27.70,88.00,"0

",,,,
2023-09-24T14:16:13+05:30,1554,27.70,88.00,"0

",,,,
2023-09-24T14:16:28+05:30,1555,27.70,88.00,"0

",,,,
2023-09-24T14:16:43+05:30,1556,27.70,88.00,"0

",,,,
2023-09-24T14:16:58+05:30,1557,27.70,88.00,"0

",,,,
2023-09-24T14:17:13+05:30,1558,27.70,88.00,"0

",,,,
2023-09-24T14:17:28+05:30,1559,27.70,88.00,"0

",,,,
2023-09-24T14:17:44+05:30,1560,27.70,88.00,"0

",,,,
2023-09-24T14:17:59+05:30,1561,27.70,88.00,"0

",,,,
